{
"meta":{"test_sets":[],"test_metrics":[],"learn_metrics":[{"best_value":"Min","name":"MultiClass"}],"launch_mode":"Train","parameters":"","iteration_count":1000,"learn_sets":["learn"],"name":"experiment"},
"iterations":[
{"learn":[1.027859745],"iteration":0,"passed_time":0.1711411761,"remaining_time":170.970035},
{"learn":[0.9515913709],"iteration":1,"passed_time":0.285470687,"remaining_time":142.4498728},
{"learn":[0.890419263],"iteration":2,"passed_time":0.4124643372,"remaining_time":137.0756481},
{"learn":[0.8307159764],"iteration":3,"passed_time":0.5176697631,"remaining_time":128.899771},
{"learn":[0.7798725286],"iteration":4,"passed_time":0.6560856036,"remaining_time":130.5610351},
{"learn":[0.7350706212],"iteration":5,"passed_time":0.7685161813,"remaining_time":127.317514},
{"learn":[0.6968028863],"iteration":6,"passed_time":0.8846739924,"remaining_time":125.4973249},
{"learn":[0.6552508337],"iteration":7,"passed_time":0.9823886573,"remaining_time":121.8161935},
{"learn":[0.6209729894],"iteration":8,"passed_time":1.092087977,"remaining_time":120.2510206},
{"learn":[0.588772679],"iteration":9,"passed_time":1.200929653,"remaining_time":118.8920357},
{"learn":[0.5566978915],"iteration":10,"passed_time":1.312199603,"remaining_time":117.9786734},
{"learn":[0.5300614911],"iteration":11,"passed_time":1.448550117,"remaining_time":119.2639597},
{"learn":[0.5049532971],"iteration":12,"passed_time":1.553178626,"remaining_time":117.9221003},
{"learn":[0.481675168],"iteration":13,"passed_time":1.663875017,"remaining_time":117.1843405},
{"learn":[0.4604825713],"iteration":14,"passed_time":1.771310446,"remaining_time":116.3160526},
{"learn":[0.4373347868],"iteration":15,"passed_time":1.886890388,"remaining_time":116.0437589},
{"learn":[0.4187718178],"iteration":16,"passed_time":1.995116569,"remaining_time":115.3646816},
{"learn":[0.4027156198],"iteration":17,"passed_time":2.107511085,"remaining_time":114.9764381},
{"learn":[0.3857722857],"iteration":18,"passed_time":2.241595457,"remaining_time":115.7371128},
{"learn":[0.3680725264],"iteration":19,"passed_time":2.350190127,"remaining_time":115.1593162},
{"learn":[0.3528274847],"iteration":20,"passed_time":2.455956023,"remaining_time":114.4943308},
{"learn":[0.3375096239],"iteration":21,"passed_time":2.566910443,"remaining_time":114.110837},
{"learn":[0.3244368274],"iteration":22,"passed_time":2.675812181,"remaining_time":113.6638479},
{"learn":[0.3133716711],"iteration":23,"passed_time":2.787099371,"remaining_time":113.3420411},
{"learn":[0.3037564378],"iteration":24,"passed_time":2.895079052,"remaining_time":112.908083},
{"learn":[0.2913524504],"iteration":25,"passed_time":3.006466226,"remaining_time":112.6268502},
{"learn":[0.2799922021],"iteration":26,"passed_time":3.14004025,"remaining_time":113.1577468},
{"learn":[0.2709418101],"iteration":27,"passed_time":3.248987826,"remaining_time":112.7862917},
{"learn":[0.2611108403],"iteration":28,"passed_time":3.356501704,"remaining_time":112.3849364},
{"learn":[0.2509313933],"iteration":29,"passed_time":3.46948437,"remaining_time":112.1799946},
{"learn":[0.2431133167],"iteration":30,"passed_time":3.583202991,"remaining_time":112.0039903},
{"learn":[0.2352005448],"iteration":31,"passed_time":3.693054717,"remaining_time":111.7149052},
{"learn":[0.2249310051],"iteration":32,"passed_time":3.807199124,"remaining_time":111.5624713},
{"learn":[0.218750083],"iteration":33,"passed_time":3.938582323,"remaining_time":111.9020742},
{"learn":[0.2111282257],"iteration":34,"passed_time":4.045250456,"remaining_time":111.533334},
{"learn":[0.2036926819],"iteration":35,"passed_time":4.155903067,"remaining_time":111.2858488},
{"learn":[0.1957851069],"iteration":36,"passed_time":4.26310495,"remaining_time":110.9559477},
{"learn":[0.1903837775],"iteration":37,"passed_time":4.371512151,"remaining_time":110.6682813},
{"learn":[0.185408628],"iteration":38,"passed_time":4.484617474,"remaining_time":110.5055742},
{"learn":[0.1791550644],"iteration":39,"passed_time":4.597989655,"remaining_time":110.3517517},
{"learn":[0.1731813936],"iteration":40,"passed_time":4.707584349,"remaining_time":110.1115461},
{"learn":[0.1680427157],"iteration":41,"passed_time":4.844550348,"remaining_time":110.5018865},
{"learn":[0.164008504],"iteration":42,"passed_time":4.955725411,"remaining_time":110.2937027},
{"learn":[0.1598384097],"iteration":43,"passed_time":5.066494897,"remaining_time":110.0811164},
{"learn":[0.1551955284],"iteration":44,"passed_time":5.169754402,"remaining_time":109.7136768},
{"learn":[0.15085294],"iteration":45,"passed_time":5.295743759,"remaining_time":109.8291206},
{"learn":[0.1467184408],"iteration":46,"passed_time":5.385896101,"remaining_time":109.207638},
{"learn":[0.1434808295],"iteration":47,"passed_time":5.493402101,"remaining_time":108.952475},
{"learn":[0.1401787211],"iteration":48,"passed_time":5.603219253,"remaining_time":108.7481941},
{"learn":[0.1362192304],"iteration":49,"passed_time":5.735889526,"remaining_time":108.981901},
{"learn":[0.1326436442],"iteration":50,"passed_time":5.846794326,"remaining_time":108.7962317},
{"learn":[0.1299659057],"iteration":51,"passed_time":5.955606624,"remaining_time":108.57529},
{"learn":[0.1270150437],"iteration":52,"passed_time":6.068221168,"remaining_time":108.4265178},
{"learn":[0.1245723278],"iteration":53,"passed_time":6.177840343,"remaining_time":108.2266104},
{"learn":[0.1219474901],"iteration":54,"passed_time":6.289301484,"remaining_time":108.0616346},
{"learn":[0.1186724503],"iteration":55,"passed_time":6.397802721,"remaining_time":107.8486744},
{"learn":[0.1150086451],"iteration":56,"passed_time":6.534319306,"remaining_time":108.1028615},
{"learn":[0.1122819106],"iteration":57,"passed_time":6.642426505,"remaining_time":107.8821684},
{"learn":[0.1095793361],"iteration":58,"passed_time":6.755484818,"remaining_time":107.7442579},
{"learn":[0.1074927029],"iteration":59,"passed_time":6.863972531,"remaining_time":107.5355696},
{"learn":[0.1045203531],"iteration":60,"passed_time":6.974501929,"remaining_time":107.3615953},
{"learn":[0.1030138685],"iteration":61,"passed_time":7.096173242,"remaining_time":107.3582339},
{"learn":[0.1012227671],"iteration":62,"passed_time":7.237281063,"remaining_time":107.6401961},
{"learn":[0.09917842697],"iteration":63,"passed_time":7.341616831,"remaining_time":107.3711462},
{"learn":[0.09681869986],"iteration":64,"passed_time":7.456251976,"remaining_time":107.2553169},
{"learn":[0.09475050226],"iteration":65,"passed_time":7.564815882,"remaining_time":107.0536066},
{"learn":[0.09301647762],"iteration":66,"passed_time":7.674675375,"remaining_time":106.8727183},
{"learn":[0.09119909754],"iteration":67,"passed_time":7.783255605,"remaining_time":106.6763856},
{"learn":[0.08903594939],"iteration":68,"passed_time":7.905042166,"remaining_time":106.6607863},
{"learn":[0.08714888413],"iteration":69,"passed_time":8.031297705,"remaining_time":106.7015267},
{"learn":[0.08560722626],"iteration":70,"passed_time":8.141751289,"remaining_time":106.5308021},
{"learn":[0.08346332341],"iteration":71,"passed_time":8.247727255,"remaining_time":106.3040402},
{"learn":[0.08150297404],"iteration":72,"passed_time":8.358119343,"remaining_time":106.1366662},
{"learn":[0.07975924446],"iteration":73,"passed_time":8.469480286,"remaining_time":105.982956},
{"learn":[0.0778139003],"iteration":74,"passed_time":8.586946853,"remaining_time":105.9056779},
{"learn":[0.07616418253],"iteration":75,"passed_time":8.682304885,"remaining_time":105.5585489},
{"learn":[0.0745970299],"iteration":76,"passed_time":8.794039813,"remaining_time":105.4142694},
{"learn":[0.07271997646],"iteration":77,"passed_time":8.914212063,"remaining_time":105.370558},
{"learn":[0.07118991115],"iteration":78,"passed_time":9.03616251,"remaining_time":105.3456414},
{"learn":[0.07008593744],"iteration":79,"passed_time":9.148693759,"remaining_time":105.2099782},
{"learn":[0.06891867113],"iteration":80,"passed_time":9.25313083,"remaining_time":104.9830523},
{"learn":[0.06773865627],"iteration":81,"passed_time":9.360103084,"remaining_time":104.7874955},
{"learn":[0.06648010167],"iteration":82,"passed_time":9.469395377,"remaining_time":104.6197056},
{"learn":[0.06523576964],"iteration":83,"passed_time":9.584369016,"remaining_time":104.5152621},
{"learn":[0.06376132841],"iteration":84,"passed_time":9.693548838,"remaining_time":104.3482022},
{"learn":[0.06268635581],"iteration":85,"passed_time":9.828317671,"remaining_time":104.4544459},
{"learn":[0.06136112031],"iteration":86,"passed_time":9.935750373,"remaining_time":104.2682769},
{"learn":[0.06038070807],"iteration":87,"passed_time":10.04770728,"remaining_time":104.1307845},
{"learn":[0.05904051238],"iteration":88,"passed_time":10.15991742,"remaining_time":103.9964581},
{"learn":[0.05797824436],"iteration":89,"passed_time":10.26641755,"remaining_time":103.8048886},
{"learn":[0.05704181971],"iteration":90,"passed_time":10.38741499,"remaining_time":103.7600025},
{"learn":[0.05614065956],"iteration":91,"passed_time":10.48887099,"remaining_time":103.5205963},
{"learn":[0.05480956689],"iteration":92,"passed_time":10.6071686,"remaining_time":103.4484077},
{"learn":[0.05394038356],"iteration":93,"passed_time":10.73311122,"remaining_time":103.448923},
{"learn":[0.05296434357],"iteration":94,"passed_time":10.84280928,"remaining_time":103.2920253},
{"learn":[0.05214163027],"iteration":95,"passed_time":10.96180154,"remaining_time":103.2236311},
{"learn":[0.05111845073],"iteration":96,"passed_time":11.06990505,"remaining_time":103.0528274},
{"learn":[0.0503505271],"iteration":97,"passed_time":11.17589121,"remaining_time":102.863815},
{"learn":[0.04947690746],"iteration":98,"passed_time":11.28166149,"remaining_time":102.6745151},
{"learn":[0.04863834714],"iteration":99,"passed_time":11.39711233,"remaining_time":102.5740109},
{"learn":[0.04795467491],"iteration":100,"passed_time":11.52850638,"remaining_time":102.6151212},
{"learn":[0.04716589292],"iteration":101,"passed_time":11.63925908,"remaining_time":102.471124},
{"learn":[0.04623578164],"iteration":102,"passed_time":11.74744138,"remaining_time":102.3053875},
{"learn":[0.04517764232],"iteration":103,"passed_time":11.85801355,"remaining_time":102.1613475},
{"learn":[0.0445945206],"iteration":104,"passed_time":11.97934871,"remaining_time":102.1096866},
{"learn":[0.04388130312],"iteration":105,"passed_time":12.07623226,"remaining_time":101.8504872},
{"learn":[0.04316977034],"iteration":106,"passed_time":12.19497926,"remaining_time":101.7767895},
{"learn":[0.04262546793],"iteration":107,"passed_time":12.32382724,"remaining_time":101.7856842},
{"learn":[0.0418246844],"iteration":108,"passed_time":12.43255635,"remaining_time":101.6275936},
{"learn":[0.04115004277],"iteration":109,"passed_time":12.55289295,"remaining_time":101.5643157},
{"learn":[0.04056445437],"iteration":110,"passed_time":12.6543765,"remaining_time":101.3490154},
{"learn":[0.04004513231],"iteration":111,"passed_time":12.76603172,"remaining_time":101.2163943},
{"learn":[0.03951443275],"iteration":112,"passed_time":12.8772071,"remaining_time":101.0803778},
{"learn":[0.03932003498],"iteration":113,"passed_time":12.99346701,"remaining_time":100.9843138},
{"learn":[0.03854540218],"iteration":114,"passed_time":13.12143856,"remaining_time":100.9780271},
{"learn":[0.03795269359],"iteration":115,"passed_time":13.23100397,"remaining_time":100.8293751},
{"learn":[0.03731516272],"iteration":116,"passed_time":13.34168926,"remaining_time":100.6898429},
{"learn":[0.03688337762],"iteration":117,"passed_time":13.44998955,"remaining_time":100.5329727},
{"learn":[0.03639639447],"iteration":118,"passed_time":13.56029627,"remaining_time":100.3917733},
{"learn":[0.03625552627],"iteration":119,"passed_time":13.66765687,"remaining_time":100.2294837},
{"learn":[0.03567050904],"iteration":120,"passed_time":13.77735448,"remaining_time":100.0850793},
{"learn":[0.03515100679],"iteration":121,"passed_time":13.88938242,"remaining_time":99.95801449},
{"learn":[0.03454803513],"iteration":122,"passed_time":14.02880193,"remaining_time":100.0264983},
{"learn":[0.03410352424],"iteration":123,"passed_time":14.14986388,"remaining_time":99.96194161},
{"learn":[0.0336830689],"iteration":124,"passed_time":14.24408501,"remaining_time":99.70859504},
{"learn":[0.03339504587],"iteration":125,"passed_time":14.36039011,"remaining_time":99.61096},
{"learn":[0.03315812491],"iteration":126,"passed_time":14.46494017,"remaining_time":99.43222651},
{"learn":[0.03264874353],"iteration":127,"passed_time":14.57331101,"remaining_time":99.28068126},
{"learn":[0.03222164734],"iteration":128,"passed_time":14.68614365,"remaining_time":99.15993117},
{"learn":[0.03197145714],"iteration":129,"passed_time":14.82016218,"remaining_time":99.18108537},
{"learn":[0.03158045815],"iteration":130,"passed_time":14.93112766,"remaining_time":99.04694606},
{"learn":[0.03106763169],"iteration":131,"passed_time":15.04613301,"remaining_time":98.93972312},
{"learn":[0.03072865789],"iteration":132,"passed_time":15.15610448,"remaining_time":98.79956832},
{"learn":[0.03031083191],"iteration":133,"passed_time":15.25750581,"remaining_time":98.60447782},
{"learn":[0.02981602795],"iteration":134,"passed_time":15.36546326,"remaining_time":98.45278309},
{"learn":[0.0293993716],"iteration":135,"passed_time":15.47172081,"remaining_time":98.2909322},
{"learn":[0.02908780406],"iteration":136,"passed_time":15.58427448,"remaining_time":98.16955386},
{"learn":[0.02884354149],"iteration":137,"passed_time":15.6916315,"remaining_time":98.01584313},
{"learn":[0.02842542492],"iteration":138,"passed_time":15.82447366,"remaining_time":98.02066061},
{"learn":[0.02807239575],"iteration":139,"passed_time":15.93276064,"remaining_time":97.87267249},
{"learn":[0.02792511095],"iteration":140,"passed_time":15.95457115,"remaining_time":97.19841574},
{"learn":[0.02772347907],"iteration":141,"passed_time":16.07516551,"remaining_time":97.13022541},
{"learn":[0.02744692357],"iteration":142,"passed_time":16.17182454,"remaining_time":96.91785756},
{"learn":[0.02721082301],"iteration":143,"passed_time":16.30501547,"remaining_time":96.92425864},
{"learn":[0.02691218815],"iteration":144,"passed_time":16.39298325,"remaining_time":96.66207366},
{"learn":[0.02674376523],"iteration":145,"passed_time":16.52361133,"remaining_time":96.65180875},
{"learn":[0.02624932123],"iteration":146,"passed_time":16.63295002,"remaining_time":96.51636983},
{"learn":[0.02597722773],"iteration":147,"passed_time":16.7445538,"remaining_time":96.39432322},
{"learn":[0.02590503982],"iteration":148,"passed_time":16.85661985,"remaining_time":96.275057},
{"learn":[0.02549314356],"iteration":149,"passed_time":16.96136472,"remaining_time":96.11440007},
{"learn":[0.02528264082],"iteration":150,"passed_time":17.08867366,"remaining_time":96.08135059},
{"learn":[0.02495528434],"iteration":151,"passed_time":17.18107533,"remaining_time":95.85231498},
{"learn":[0.02471131061],"iteration":152,"passed_time":17.31646039,"remaining_time":95.86301926},
{"learn":[0.02445592784],"iteration":153,"passed_time":17.43048705,"remaining_time":95.75449377},
{"learn":[0.02415362751],"iteration":154,"passed_time":17.53187401,"remaining_time":95.57699059},
{"learn":[0.02388956923],"iteration":155,"passed_time":17.64716289,"remaining_time":95.47567617},
{"learn":[0.02360379832],"iteration":156,"passed_time":17.75238138,"remaining_time":95.3201115},
{"learn":[0.02337512256],"iteration":157,"passed_time":17.86299626,"remaining_time":95.1939421},
{"learn":[0.02319495039],"iteration":158,"passed_time":17.9722484,"remaining_time":95.06076039},
{"learn":[0.02303927028],"iteration":159,"passed_time":18.08163307,"remaining_time":94.92857362},
{"learn":[0.02287192486],"iteration":160,"passed_time":18.2153778,"remaining_time":94.92361475},
{"learn":[0.02263164905],"iteration":161,"passed_time":18.32303183,"remaining_time":94.78210293},
{"learn":[0.02244073942],"iteration":162,"passed_time":18.43317096,"remaining_time":94.65376745},
{"learn":[0.02222472883],"iteration":163,"passed_time":18.5410109,"remaining_time":94.5139336},
{"learn":[0.02196672696],"iteration":164,"passed_time":18.65134096,"remaining_time":94.38708909},
{"learn":[0.02177404451],"iteration":165,"passed_time":18.75824056,"remaining_time":94.24320861},
{"learn":[0.02157926988],"iteration":166,"passed_time":18.8665939,"remaining_time":94.10702227},
{"learn":[0.02140929355],"iteration":167,"passed_time":18.97783873,"remaining_time":93.98548703},
{"learn":[0.02134910056],"iteration":168,"passed_time":19.10974548,"remaining_time":93.96567157},
{"learn":[0.02118284447],"iteration":169,"passed_time":19.22766797,"remaining_time":93.87626127},
{"learn":[0.02099697372],"iteration":170,"passed_time":19.3288744,"remaining_time":93.7054788},
{"learn":[0.02092681917],"iteration":171,"passed_time":19.43367082,"remaining_time":93.55278743},
{"learn":[0.02066058977],"iteration":172,"passed_time":19.54294197,"remaining_time":93.42204052},
{"learn":[0.02059296141],"iteration":173,"passed_time":19.65383513,"remaining_time":93.29924035},
{"learn":[0.02053594744],"iteration":174,"passed_time":19.7599657,"remaining_time":93.15412401},
{"learn":[0.02047602823],"iteration":175,"passed_time":19.87460283,"remaining_time":93.04927688},
{"learn":[0.02029189083],"iteration":176,"passed_time":20.00845569,"remaining_time":93.03366685},
{"learn":[0.02007807302],"iteration":177,"passed_time":20.11687513,"remaining_time":92.89927727},
{"learn":[0.0199180513],"iteration":178,"passed_time":20.22753472,"remaining_time":92.77545256},
{"learn":[0.01987178191],"iteration":179,"passed_time":20.34010152,"remaining_time":92.66046248},
{"learn":[0.0198302648],"iteration":180,"passed_time":20.44299144,"remaining_time":92.50171263},
{"learn":[0.01964456699],"iteration":181,"passed_time":20.55850213,"remaining_time":92.40030079},
{"learn":[0.01942559496],"iteration":182,"passed_time":20.66349381,"remaining_time":92.25177292},
{"learn":[0.01925556269],"iteration":183,"passed_time":20.7844333,"remaining_time":92.17444334},
{"learn":[0.01912741745],"iteration":184,"passed_time":20.90760963,"remaining_time":92.10649646},
{"learn":[0.0188948688],"iteration":185,"passed_time":21.01884116,"remaining_time":91.98568122},
{"learn":[0.01870480156],"iteration":186,"passed_time":21.12471526,"remaining_time":91.84167653},
{"learn":[0.01866760952],"iteration":187,"passed_time":21.23841033,"remaining_time":91.73185736},
{"learn":[0.01848845761],"iteration":188,"passed_time":21.35796119,"remaining_time":91.64712449},
{"learn":[0.01845370042],"iteration":189,"passed_time":21.47182624,"remaining_time":91.53778556},
{"learn":[0.01829178524],"iteration":190,"passed_time":21.58333336,"remaining_time":91.41841198},
{"learn":[0.01815037573],"iteration":191,"passed_time":21.70481984,"remaining_time":91.34111682},
{"learn":[0.01810894367],"iteration":192,"passed_time":21.80908003,"remaining_time":91.19133461},
{"learn":[0.01798573891],"iteration":193,"passed_time":21.92394131,"remaining_time":91.08606546},
{"learn":[0.01793881788],"iteration":194,"passed_time":22.03171121,"remaining_time":90.95142319},
{"learn":[0.0178995197],"iteration":195,"passed_time":22.1393475,"remaining_time":90.81650709},
{"learn":[0.01786014824],"iteration":196,"passed_time":22.20618455,"remaining_time":90.51556443},
{"learn":[0.01768350076],"iteration":197,"passed_time":22.31757166,"remaining_time":90.39743672},
{"learn":[0.01758682071],"iteration":198,"passed_time":22.43124197,"remaining_time":90.28856693},
{"learn":[0.01743771836],"iteration":199,"passed_time":22.53645839,"remaining_time":90.14583356},
{"learn":[0.01727730845],"iteration":200,"passed_time":22.64850651,"remaining_time":90.03063036},
{"learn":[0.01724935422],"iteration":201,"passed_time":22.75378153,"remaining_time":89.88870131},
{"learn":[0.01713310222],"iteration":202,"passed_time":22.86726965,"remaining_time":89.77937886},
{"learn":[0.01710141158],"iteration":203,"passed_time":22.97220425,"remaining_time":89.63664013},
{"learn":[0.01691950826],"iteration":204,"passed_time":23.10877032,"remaining_time":89.61693855},
{"learn":[0.0168103166],"iteration":205,"passed_time":23.21603859,"remaining_time":89.48317785},
{"learn":[0.01664514046],"iteration":206,"passed_time":23.32361023,"remaining_time":89.35083533},
{"learn":[0.0165658026],"iteration":207,"passed_time":23.43901924,"remaining_time":89.24857325},
{"learn":[0.01646506987],"iteration":208,"passed_time":23.54709452,"remaining_time":89.11842951},
{"learn":[0.01643257636],"iteration":209,"passed_time":23.65583836,"remaining_time":88.99101096},
{"learn":[0.01639921598],"iteration":210,"passed_time":23.76210694,"remaining_time":88.85451364},
{"learn":[0.0162280809],"iteration":211,"passed_time":23.90170227,"remaining_time":88.84217637},
{"learn":[0.01611877151],"iteration":212,"passed_time":24.01128739,"remaining_time":88.71776139},
{"learn":[0.01603730429],"iteration":213,"passed_time":24.12052824,"remaining_time":88.59222055},
{"learn":[0.0159488135],"iteration":214,"passed_time":24.23110136,"remaining_time":88.47169565},
{"learn":[0.01592523907],"iteration":215,"passed_time":24.34263033,"remaining_time":88.35473232},
{"learn":[0.01577582026],"iteration":216,"passed_time":24.45855006,"remaining_time":88.2536622},
{"learn":[0.01574785436],"iteration":217,"passed_time":24.56196751,"remaining_time":88.10760821},
{"learn":[0.01562296527],"iteration":218,"passed_time":24.67080452,"remaining_time":87.98127092},
{"learn":[0.01553256424],"iteration":219,"passed_time":24.80186722,"remaining_time":87.93389289},
{"learn":[0.01550491707],"iteration":220,"passed_time":24.91703069,"remaining_time":87.82971452},
{"learn":[0.01542117566],"iteration":221,"passed_time":25.02435777,"remaining_time":87.69797451},
{"learn":[0.01525935632],"iteration":222,"passed_time":25.13232215,"remaining_time":87.56867402},
{"learn":[0.01515193046],"iteration":223,"passed_time":25.24831284,"remaining_time":87.46736948},
{"learn":[0.01503203817],"iteration":224,"passed_time":25.35478464,"remaining_time":87.33314709},
{"learn":[0.01500726578],"iteration":225,"passed_time":25.46026906,"remaining_time":87.19578874},
{"learn":[0.01488247262],"iteration":226,"passed_time":25.56605098,"remaining_time":87.05972426},
{"learn":[0.01484304181],"iteration":227,"passed_time":25.69826517,"remaining_time":87.01342416},
{"learn":[0.01482195926],"iteration":228,"passed_time":25.80472361,"remaining_time":86.87965895},
{"learn":[0.01475151171],"iteration":229,"passed_time":25.91192874,"remaining_time":86.74863098},
{"learn":[0.01465371858],"iteration":230,"passed_time":26.02221725,"remaining_time":86.62807388},
{"learn":[0.01458217173],"iteration":231,"passed_time":26.13006897,"remaining_time":86.49953867},
{"learn":[0.0145620599],"iteration":232,"passed_time":26.24158862,"remaining_time":86.38325525},
{"learn":[0.01448693757],"iteration":233,"passed_time":26.36114411,"remaining_time":86.29331791},
{"learn":[0.01446270061],"iteration":234,"passed_time":26.45615439,"remaining_time":86.123226},
{"learn":[0.01444328824],"iteration":235,"passed_time":26.56801431,"remaining_time":86.0083175},
{"learn":[0.0143865958],"iteration":236,"passed_time":26.69951567,"remaining_time":85.95666861},
{"learn":[0.01436882347],"iteration":237,"passed_time":26.80570441,"remaining_time":85.8233057},
{"learn":[0.01425769757],"iteration":238,"passed_time":26.9144812,"remaining_time":85.69841086},
{"learn":[0.01416321055],"iteration":239,"passed_time":27.03022204,"remaining_time":85.59570313},
{"learn":[0.01414782059],"iteration":240,"passed_time":27.13705794,"remaining_time":85.46484221},
{"learn":[0.01404953046],"iteration":241,"passed_time":27.24712419,"remaining_time":85.34429808},
{"learn":[0.01398172526],"iteration":242,"passed_time":27.37918097,"remaining_time":85.29234566},
{"learn":[0.01388208986],"iteration":243,"passed_time":27.50039074,"remaining_time":85.2061287},
{"learn":[0.01386856307],"iteration":244,"passed_time":27.60480042,"remaining_time":85.06785435},
{"learn":[0.01378682295],"iteration":245,"passed_time":27.71275234,"remaining_time":84.94071246},
{"learn":[0.0137740609],"iteration":246,"passed_time":27.8201336,"remaining_time":84.81198625},
{"learn":[0.01369717124],"iteration":247,"passed_time":27.93282158,"remaining_time":84.69952349},
{"learn":[0.01367926271],"iteration":248,"passed_time":28.04091704,"remaining_time":84.57320763},
{"learn":[0.01366511473],"iteration":249,"passed_time":28.15237823,"remaining_time":84.45713468},
{"learn":[0.01365200061],"iteration":250,"passed_time":28.25827067,"remaining_time":84.32448099},
{"learn":[0.01356890738],"iteration":251,"passed_time":28.36710705,"remaining_time":84.20077808},
{"learn":[0.01351528915],"iteration":252,"passed_time":28.5029946,"remaining_time":84.1570631},
{"learn":[0.01342946492],"iteration":253,"passed_time":28.60820095,"remaining_time":84.02251145},
{"learn":[0.01333066701],"iteration":254,"passed_time":28.72006319,"remaining_time":83.90763559},
{"learn":[0.01331456422],"iteration":255,"passed_time":28.82695936,"remaining_time":83.77835065},
{"learn":[0.01323851458],"iteration":256,"passed_time":28.93851675,"remaining_time":83.66271574},
{"learn":[0.01322582186],"iteration":257,"passed_time":29.04412467,"remaining_time":83.53000197},
{"learn":[0.01313405799],"iteration":258,"passed_time":29.15744309,"remaining_time":83.41955726},
{"learn":[0.01312079981],"iteration":259,"passed_time":29.26521612,"remaining_time":83.29330742},
{"learn":[0.0130326267],"iteration":260,"passed_time":29.39919789,"remaining_time":83.24140705},
{"learn":[0.01293478736],"iteration":261,"passed_time":29.50881615,"remaining_time":83.12025312},
{"learn":[0.01285611357],"iteration":262,"passed_time":29.61645383,"remaining_time":82.99363677},
{"learn":[0.01278277933],"iteration":263,"passed_time":29.7259604,"remaining_time":82.87237444},
{"learn":[0.01277161028],"iteration":264,"passed_time":29.83689079,"remaining_time":82.75514991},
{"learn":[0.01273873531],"iteration":265,"passed_time":29.94451036,"remaining_time":82.62883686},
{"learn":[0.01272735761],"iteration":266,"passed_time":30.05564293,"remaining_time":82.51230812},
{"learn":[0.01271541115],"iteration":267,"passed_time":30.17911558,"remaining_time":82.42952464},
{"learn":[0.01262853427],"iteration":268,"passed_time":30.29224204,"remaining_time":82.31832315},
{"learn":[0.01254360171],"iteration":269,"passed_time":30.40239826,"remaining_time":82.19907677},
{"learn":[0.01247933555],"iteration":270,"passed_time":30.52162802,"remaining_time":82.10430565},
{"learn":[0.01246975786],"iteration":271,"passed_time":30.61529364,"remaining_time":81.94093296},
{"learn":[0.0123591699],"iteration":272,"passed_time":30.72319751,"remaining_time":81.8159875},
{"learn":[0.01234769683],"iteration":273,"passed_time":30.83317557,"remaining_time":81.69666229},
{"learn":[0.01229188242],"iteration":274,"passed_time":30.94255945,"remaining_time":81.57583855},
{"learn":[0.01222541282],"iteration":275,"passed_time":31.07562815,"remaining_time":81.51722746},
{"learn":[0.0121635837],"iteration":276,"passed_time":31.18911157,"remaining_time":81.40695908},
{"learn":[0.01215222556],"iteration":277,"passed_time":31.29648716,"remaining_time":81.28080477},
{"learn":[0.01210013445],"iteration":278,"passed_time":31.4121698,"remaining_time":81.17625244},
{"learn":[0.01208201992],"iteration":279,"passed_time":31.51083509,"remaining_time":81.02786167},
{"learn":[0.01207286385],"iteration":280,"passed_time":31.6188397,"remaining_time":80.9037215},
{"learn":[0.01199970886],"iteration":281,"passed_time":31.72897397,"remaining_time":80.78511812},
{"learn":[0.01198967689],"iteration":282,"passed_time":31.83746771,"remaining_time":80.6624182},
{"learn":[0.01192274514],"iteration":283,"passed_time":31.94503273,"remaining_time":80.53747689},
{"learn":[0.01186241149],"iteration":284,"passed_time":32.05619561,"remaining_time":80.42168372},
{"learn":[0.01175315715],"iteration":285,"passed_time":32.18845099,"remaining_time":80.35858045},
{"learn":[0.01171160108],"iteration":286,"passed_time":32.30335584,"remaining_time":80.25189099},
{"learn":[0.01164985778],"iteration":287,"passed_time":32.40929799,"remaining_time":80.12298669},
{"learn":[0.01164017969],"iteration":288,"passed_time":32.51957986,"remaining_time":80.00491794},
{"learn":[0.01162789297],"iteration":289,"passed_time":32.64068419,"remaining_time":79.91339923},
{"learn":[0.011568352],"iteration":290,"passed_time":32.7397847,"remaining_time":79.76806649},
{"learn":[0.0115100806],"iteration":291,"passed_time":32.84906783,"remaining_time":79.6477398},
{"learn":[0.01150069604],"iteration":292,"passed_time":32.98348854,"remaining_time":79.5881447},
{"learn":[0.0114918159],"iteration":293,"passed_time":33.09042005,"remaining_time":79.46202909},
{"learn":[0.01143715728],"iteration":294,"passed_time":33.20150132,"remaining_time":79.34596078},
{"learn":[0.01143053727],"iteration":295,"passed_time":33.3084457,"remaining_time":79.22008708},
{"learn":[0.01138524586],"iteration":296,"passed_time":33.4169883,"remaining_time":79.09812383},
{"learn":[0.0113768435],"iteration":297,"passed_time":33.52754314,"remaining_time":78.98099088},
{"learn":[0.0113010316],"iteration":298,"passed_time":33.65124375,"remaining_time":78.89472197},
{"learn":[0.01125076554],"iteration":299,"passed_time":33.74883362,"remaining_time":78.74727845},
{"learn":[0.01121842038],"iteration":300,"passed_time":33.88187549,"remaining_time":78.68249491},
{"learn":[0.0111177818],"iteration":301,"passed_time":33.99047113,"remaining_time":78.56075777},
{"learn":[0.01102542994],"iteration":302,"passed_time":34.09920291,"remaining_time":78.43942057},
{"learn":[0.01098045571],"iteration":303,"passed_time":34.20622879,"remaining_time":78.31426065},
{"learn":[0.01090409235],"iteration":304,"passed_time":34.31668871,"remaining_time":78.19704476},
{"learn":[0.01082859021],"iteration":305,"passed_time":34.42945945,"remaining_time":78.08511392},
{"learn":[0.01077819496],"iteration":306,"passed_time":34.53831834,"remaining_time":77.96434726},
{"learn":[0.01076869401],"iteration":307,"passed_time":34.65977601,"remaining_time":77.87196428},
{"learn":[0.01070289989],"iteration":308,"passed_time":34.78011667,"remaining_time":77.77689521},
{"learn":[0.01061045975],"iteration":309,"passed_time":34.89297841,"remaining_time":77.66501646},
{"learn":[0.01056126607],"iteration":310,"passed_time":35.00127416,"remaining_time":77.54301575},
{"learn":[0.01055222834],"iteration":311,"passed_time":35.11288393,"remaining_time":77.42841071},
{"learn":[0.01054420863],"iteration":312,"passed_time":35.21503625,"remaining_time":77.29306678},
{"learn":[0.01053549798],"iteration":313,"passed_time":35.33752984,"remaining_time":77.20237411},
{"learn":[0.01052716626],"iteration":314,"passed_time":35.45290867,"remaining_time":77.09600774},
{"learn":[0.01049613639],"iteration":315,"passed_time":35.55453817,"remaining_time":76.95982313},
{"learn":[0.01045953703],"iteration":316,"passed_time":35.68932235,"remaining_time":76.89529074},
{"learn":[0.01041609746],"iteration":317,"passed_time":35.7965452,"remaining_time":76.77120701},
{"learn":[0.01037153943],"iteration":318,"passed_time":35.90773139,"remaining_time":76.6556899},
{"learn":[0.01032187256],"iteration":319,"passed_time":36.021942,"remaining_time":76.54662674},
{"learn":[0.01031270727],"iteration":320,"passed_time":36.1289606,"remaining_time":76.42231852},
{"learn":[0.01026947934],"iteration":321,"passed_time":36.23750919,"remaining_time":76.30133922},
{"learn":[0.01022229935],"iteration":322,"passed_time":36.34859396,"remaining_time":76.18575267},
{"learn":[0.01016765605],"iteration":323,"passed_time":36.48176238,"remaining_time":76.11626965},
{"learn":[0.01016015784],"iteration":324,"passed_time":36.59453139,"remaining_time":76.00402673},
{"learn":[0.01012986796],"iteration":325,"passed_time":36.70958606,"remaining_time":75.89650615},
{"learn":[0.0101220887],"iteration":326,"passed_time":36.81679284,"remaining_time":75.77278771},
{"learn":[0.01006642442],"iteration":327,"passed_time":36.92059053,"remaining_time":75.64218547},
{"learn":[0.01002199666],"iteration":328,"passed_time":37.04078091,"remaining_time":75.54517931},
{"learn":[0.01001379663],"iteration":329,"passed_time":37.14263295,"remaining_time":75.41080023},
{"learn":[0.009976278757],"iteration":330,"passed_time":37.24659159,"remaining_time":75.28087546},
{"learn":[0.009928309678],"iteration":331,"passed_time":37.37701659,"remaining_time":75.20435869},
{"learn":[0.009900010257],"iteration":332,"passed_time":37.48550285,"remaining_time":75.08357478},
{"learn":[0.009867434135],"iteration":333,"passed_time":37.59568639,"remaining_time":74.9662489},
{"learn":[0.00981164669],"iteration":334,"passed_time":37.7065343,"remaining_time":74.85028451},
{"learn":[0.009805798239],"iteration":335,"passed_time":37.81146717,"remaining_time":74.72266131},
{"learn":[0.009798535999],"iteration":336,"passed_time":37.91859821,"remaining_time":74.59949738},
{"learn":[0.009754781529],"iteration":337,"passed_time":38.02597064,"remaining_time":74.47690107},
{"learn":[0.009723403775],"iteration":338,"passed_time":38.14138135,"remaining_time":74.37006805},
{"learn":[0.009717716872],"iteration":339,"passed_time":38.24647849,"remaining_time":74.24316413},
{"learn":[0.009710501024],"iteration":340,"passed_time":38.37891521,"remaining_time":74.16922324},
{"learn":[0.009680396651],"iteration":341,"passed_time":38.49162303,"remaining_time":74.05698232},
{"learn":[0.009624977072],"iteration":342,"passed_time":38.60102658,"remaining_time":73.93840952},
{"learn":[0.009619137305],"iteration":343,"passed_time":38.70857925,"remaining_time":73.81636043},
{"learn":[0.009554457773],"iteration":344,"passed_time":38.82492691,"remaining_time":73.71109311},
{"learn":[0.009498123001],"iteration":345,"passed_time":38.92468355,"remaining_time":73.57440186},
{"learn":[0.009492408177],"iteration":346,"passed_time":39.03194934,"remaining_time":73.45205453},
{"learn":[0.00944893953],"iteration":347,"passed_time":39.1390744,"remaining_time":73.32953019},
{"learn":[0.009411378733],"iteration":348,"passed_time":39.27288347,"remaining_time":73.25686858},
{"learn":[0.009405406808],"iteration":349,"passed_time":39.38072851,"remaining_time":73.13563866},
{"learn":[0.009344391017],"iteration":350,"passed_time":39.48957326,"remaining_time":73.01633346},
{"learn":[0.00931967338],"iteration":351,"passed_time":39.60149047,"remaining_time":72.90274382},
{"learn":[0.009275572419],"iteration":352,"passed_time":39.73033602,"remaining_time":72.82019095},
{"learn":[0.00923439351],"iteration":353,"passed_time":39.83290818,"remaining_time":72.68943131},
{"learn":[0.009186962577],"iteration":354,"passed_time":39.9317918,"remaining_time":72.55212876},
{"learn":[0.009131253129],"iteration":355,"passed_time":40.0422042,"remaining_time":72.43589749},
{"learn":[0.009090071724],"iteration":356,"passed_time":40.17787559,"remaining_time":72.36519329},
{"learn":[0.009064617365],"iteration":357,"passed_time":40.29108431,"remaining_time":72.25384393},
{"learn":[0.009019168649],"iteration":358,"passed_time":40.40153355,"remaining_time":72.13755711},
{"learn":[0.00898834433],"iteration":359,"passed_time":40.51414113,"remaining_time":72.02513979},
{"learn":[0.008930390409],"iteration":360,"passed_time":40.61694143,"remaining_time":71.89536169},
{"learn":[0.008896733293],"iteration":361,"passed_time":40.7313542,"remaining_time":71.78619884},
{"learn":[0.008856263519],"iteration":362,"passed_time":40.86036156,"remaining_time":71.70261794},
{"learn":[0.008815042634],"iteration":363,"passed_time":40.96913296,"remaining_time":71.58343012},
{"learn":[0.008765366029],"iteration":364,"passed_time":41.08505143,"remaining_time":71.4767333},
{"learn":[0.008758916241],"iteration":365,"passed_time":41.18605791,"remaining_time":71.34415496},
{"learn":[0.008723087192],"iteration":366,"passed_time":41.29859051,"remaining_time":71.23162886},
{"learn":[0.008717308578],"iteration":367,"passed_time":41.40388606,"remaining_time":71.10667388},
{"learn":[0.008670907049],"iteration":368,"passed_time":41.51625962,"remaining_time":70.99392905},
{"learn":[0.008638774227],"iteration":369,"passed_time":41.62595469,"remaining_time":70.87662556},
{"learn":[0.008631808922],"iteration":370,"passed_time":41.73788033,"remaining_time":70.76314481},
{"learn":[0.008593060567],"iteration":371,"passed_time":41.86861454,"remaining_time":70.68142455},
{"learn":[0.008563285253],"iteration":372,"passed_time":41.97368248,"remaining_time":70.55629735},
{"learn":[0.008516220491],"iteration":373,"passed_time":42.08388654,"remaining_time":70.43987426},
{"learn":[0.008476199825],"iteration":374,"passed_time":42.19166429,"remaining_time":70.31944048},
{"learn":[0.008436581736],"iteration":375,"passed_time":42.31567035,"remaining_time":70.22600611},
{"learn":[0.008417063354],"iteration":376,"passed_time":42.40963363,"remaining_time":70.08276326},
{"learn":[0.008386686513],"iteration":377,"passed_time":42.52114139,"remaining_time":69.96865064},
{"learn":[0.008347851701],"iteration":378,"passed_time":42.63281152,"remaining_time":69.85481781},
{"learn":[0.008325185818],"iteration":379,"passed_time":42.76862163,"remaining_time":69.78038265},
{"learn":[0.008301395971],"iteration":380,"passed_time":42.87711261,"remaining_time":69.6612407},
{"learn":[0.008271753186],"iteration":381,"passed_time":42.98406099,"remaining_time":69.53965889},
{"learn":[0.008266130423],"iteration":382,"passed_time":43.09505195,"remaining_time":69.42466593},
{"learn":[0.008250291157],"iteration":383,"passed_time":43.20370347,"remaining_time":69.30594098},
{"learn":[0.008244568564],"iteration":384,"passed_time":43.31429785,"remaining_time":69.1903719},
{"learn":[0.008212709639],"iteration":385,"passed_time":43.42559308,"remaining_time":69.0759434},
{"learn":[0.00820691024],"iteration":386,"passed_time":43.52950502,"remaining_time":68.94983611},
{"learn":[0.00816857813],"iteration":387,"passed_time":43.66706204,"remaining_time":68.87691229},
{"learn":[0.008163407313],"iteration":388,"passed_time":43.77209695,"remaining_time":68.75257387},
{"learn":[0.008156808479],"iteration":389,"passed_time":43.87845363,"remaining_time":68.63040184},
{"learn":[0.008126954941],"iteration":390,"passed_time":43.98797274,"remaining_time":68.51323632},
{"learn":[0.00812301487],"iteration":391,"passed_time":44.09574178,"remaining_time":68.39339542},
{"learn":[0.008116644175],"iteration":392,"passed_time":44.2125489,"remaining_time":68.28757553},
{"learn":[0.008090735933],"iteration":393,"passed_time":44.31716662,"remaining_time":68.16295171},
{"learn":[0.008058707089],"iteration":394,"passed_time":44.42939481,"remaining_time":68.05008572},
{"learn":[0.00803623888],"iteration":395,"passed_time":44.56272277,"remaining_time":67.96940544},
{"learn":[0.0079946727],"iteration":396,"passed_time":44.67645294,"remaining_time":67.858693},
{"learn":[0.007989587637],"iteration":397,"passed_time":44.77995665,"remaining_time":67.73249725},
{"learn":[0.007960922922],"iteration":398,"passed_time":44.89846299,"remaining_time":67.62901317},
{"learn":[0.007956255495],"iteration":399,"passed_time":45.00304088,"remaining_time":67.50456132},
{"learn":[0.007950977249],"iteration":400,"passed_time":45.11365677,"remaining_time":67.38922795},
{"learn":[0.007945327918],"iteration":401,"passed_time":45.21078745,"remaining_time":67.25385795},
{"learn":[0.007941725385],"iteration":402,"passed_time":45.32461988,"remaining_time":67.14341953},
{"learn":[0.007913585362],"iteration":403,"passed_time":45.44134363,"remaining_time":67.03722971},
{"learn":[0.007890457346],"iteration":404,"passed_time":45.55993139,"remaining_time":66.93372637},
{"learn":[0.007842569736],"iteration":405,"passed_time":45.67014363,"remaining_time":66.81789487},
{"learn":[0.007839182928],"iteration":406,"passed_time":45.77749459,"remaining_time":66.6979221},
{"learn":[0.00781781627],"iteration":407,"passed_time":45.89270351,"remaining_time":66.58941293},
{"learn":[0.007796508682],"iteration":408,"passed_time":46.01813505,"remaining_time":66.49564258},
{"learn":[0.007766836294],"iteration":409,"passed_time":46.10978475,"remaining_time":66.35310488},
{"learn":[0.007762798841],"iteration":410,"passed_time":46.21800465,"remaining_time":66.2345614},
{"learn":[0.00772301563],"iteration":411,"passed_time":46.35802137,"remaining_time":66.16144797},
{"learn":[0.007719282444],"iteration":412,"passed_time":46.46349313,"remaining_time":66.03891154},
{"learn":[0.007714835547],"iteration":413,"passed_time":46.57350533,"remaining_time":65.92288435},
{"learn":[0.007676282662],"iteration":414,"passed_time":46.68400695,"remaining_time":65.80757606},
{"learn":[0.007647641311],"iteration":415,"passed_time":46.790134,"remaining_time":65.68614965},
{"learn":[0.007623755912],"iteration":416,"passed_time":46.90770101,"remaining_time":65.58079062},
{"learn":[0.007600249232],"iteration":417,"passed_time":47.02909434,"remaining_time":65.48070074},
{"learn":[0.007595936005],"iteration":418,"passed_time":47.12442925,"remaining_time":65.34437564},
{"learn":[0.007592405766],"iteration":419,"passed_time":47.26056366,"remaining_time":65.26458792},
{"learn":[0.007558286785],"iteration":420,"passed_time":47.36895831,"remaining_time":65.14638209},
{"learn":[0.007554162451],"iteration":421,"passed_time":47.47197498,"remaining_time":65.02085673},
{"learn":[0.007523484552],"iteration":422,"passed_time":47.58218578,"remaining_time":64.90525105},
{"learn":[0.007492446387],"iteration":423,"passed_time":47.69412841,"remaining_time":64.7920235},
{"learn":[0.007487461661],"iteration":424,"passed_time":47.79992051,"remaining_time":64.67048069},
{"learn":[0.007465713936],"iteration":425,"passed_time":47.9233756,"remaining_time":64.57281126},
{"learn":[0.007435714071],"iteration":426,"passed_time":48.01854133,"remaining_time":64.43705898},
{"learn":[0.007413907374],"iteration":427,"passed_time":48.13882812,"remaining_time":64.33506936},
{"learn":[0.007388362169],"iteration":428,"passed_time":48.26058388,"remaining_time":64.23494964},
{"learn":[0.007366141757],"iteration":429,"passed_time":48.37458214,"remaining_time":64.1244461},
{"learn":[0.007344440022],"iteration":430,"passed_time":48.48385752,"remaining_time":64.00769125},
{"learn":[0.007324585665],"iteration":431,"passed_time":48.5984882,"remaining_time":63.89801226},
{"learn":[0.007301624753],"iteration":432,"passed_time":48.71071038,"remaining_time":63.78515655},
{"learn":[0.007296695346],"iteration":433,"passed_time":48.81959908,"remaining_time":63.6679564},
{"learn":[0.007275742597],"iteration":434,"passed_time":48.9533179,"remaining_time":63.58304508},
{"learn":[0.007253305083],"iteration":435,"passed_time":49.06402431,"remaining_time":63.46814153},
{"learn":[0.00724886439],"iteration":436,"passed_time":49.16917496,"remaining_time":63.34609955},
{"learn":[0.007218238775],"iteration":437,"passed_time":49.2779577,"remaining_time":63.22879504},
{"learn":[0.007192738153],"iteration":438,"passed_time":49.38858841,"remaining_time":63.11389089},
{"learn":[0.00718841236],"iteration":439,"passed_time":49.49627789,"remaining_time":62.99526277},
{"learn":[0.007171600056],"iteration":440,"passed_time":49.60542458,"remaining_time":62.87853138},
{"learn":[0.007135653348],"iteration":441,"passed_time":49.73507804,"remaining_time":62.78772295},
{"learn":[0.007107075606],"iteration":442,"passed_time":49.8270818,"remaining_time":62.64940081},
{"learn":[0.00710313612],"iteration":443,"passed_time":49.95119449,"remaining_time":62.5514958},
{"learn":[0.007064458071],"iteration":444,"passed_time":50.06074913,"remaining_time":62.43531633},
{"learn":[0.007050056146],"iteration":445,"passed_time":50.16994591,"remaining_time":62.31872205},
{"learn":[0.007028309674],"iteration":446,"passed_time":50.28567155,"remaining_time":62.21023796},
{"learn":[0.007008511361],"iteration":447,"passed_time":50.39709947,"remaining_time":62.09642614},
{"learn":[0.006970630048],"iteration":448,"passed_time":50.50927454,"remaining_time":61.9835418},
{"learn":[0.006966134403],"iteration":449,"passed_time":50.61473607,"remaining_time":61.86245519},
{"learn":[0.006962302715],"iteration":450,"passed_time":50.7273013,"remaining_time":61.75008517},
{"learn":[0.006957523803],"iteration":451,"passed_time":50.85418211,"remaining_time":61.65507035},
{"learn":[0.006935065923],"iteration":452,"passed_time":50.9611675,"remaining_time":61.535891},
{"learn":[0.006931652899],"iteration":453,"passed_time":51.06906109,"remaining_time":61.41785761},
{"learn":[0.006890082226],"iteration":454,"passed_time":51.1868335,"remaining_time":61.31170166},
{"learn":[0.006860273078],"iteration":455,"passed_time":51.30455958,"remaining_time":61.20543949},
{"learn":[0.006836564523],"iteration":456,"passed_time":51.42650107,"remaining_time":61.10413585},
{"learn":[0.006832859228],"iteration":457,"passed_time":51.53941419,"remaining_time":60.99205785},
{"learn":[0.006810160164],"iteration":458,"passed_time":51.63902756,"remaining_time":60.86430046},
{"learn":[0.006798929066],"iteration":459,"passed_time":51.75258468,"remaining_time":60.75303419},
{"learn":[0.006774611374],"iteration":460,"passed_time":51.86255611,"remaining_time":60.6375656},
{"learn":[0.006770227178],"iteration":461,"passed_time":51.97906201,"remaining_time":60.52973021},
{"learn":[0.006766255903],"iteration":462,"passed_time":52.07992112,"remaining_time":60.4037098},
{"learn":[0.006745155562],"iteration":463,"passed_time":52.19989973,"remaining_time":60.29988417},
{"learn":[0.006741348026],"iteration":464,"passed_time":52.29781657,"remaining_time":60.17060616},
{"learn":[0.006692334203],"iteration":465,"passed_time":52.40525938,"remaining_time":60.05237877},
{"learn":[0.006670311794],"iteration":466,"passed_time":52.51209496,"remaining_time":59.93350452},
{"learn":[0.006640648393],"iteration":467,"passed_time":52.6490227,"remaining_time":59.84888905},
{"learn":[0.006607141239],"iteration":468,"passed_time":52.75680823,"remaining_time":59.7310558},
{"learn":[0.006586641815],"iteration":469,"passed_time":52.86852069,"remaining_time":59.61769354},
{"learn":[0.006569289476],"iteration":470,"passed_time":52.98599636,"remaining_time":59.5108112},
{"learn":[0.006565036675],"iteration":471,"passed_time":53.08955847,"remaining_time":59.38831964},
{"learn":[0.006537629996],"iteration":472,"passed_time":53.20118588,"remaining_time":59.2748942},
{"learn":[0.006533532532],"iteration":473,"passed_time":53.31411077,"remaining_time":59.16291617},
{"learn":[0.006523132173],"iteration":474,"passed_time":53.41781432,"remaining_time":59.04074214},
{"learn":[0.006501798471],"iteration":475,"passed_time":53.55346513,"remaining_time":58.95381455},
{"learn":[0.00648295847],"iteration":476,"passed_time":53.66544895,"remaining_time":58.84073334},
{"learn":[0.006479442754],"iteration":477,"passed_time":53.77115599,"remaining_time":58.72080215},
{"learn":[0.006476828733],"iteration":478,"passed_time":53.87275777,"remaining_time":58.59646513},
{"learn":[0.006473472599],"iteration":479,"passed_time":53.99384738,"remaining_time":58.49333466},
{"learn":[0.006445993019],"iteration":480,"passed_time":54.09788332,"remaining_time":58.37172857},
{"learn":[0.006429014189],"iteration":481,"passed_time":54.20668444,"remaining_time":58.25531647},
{"learn":[0.00640007861],"iteration":482,"passed_time":54.34206671,"remaining_time":58.16738818},
{"learn":[0.00636201603],"iteration":483,"passed_time":54.45231776,"remaining_time":58.052471},
{"learn":[0.00634377156],"iteration":484,"passed_time":54.56188694,"remaining_time":57.93684902},
{"learn":[0.006324906158],"iteration":485,"passed_time":54.67850812,"remaining_time":57.82871024},
{"learn":[0.006321266815],"iteration":486,"passed_time":54.78300725,"remaining_time":57.70776739},
{"learn":[0.006317552162],"iteration":487,"passed_time":54.89714693,"remaining_time":57.59700662},
{"learn":[0.006281723262],"iteration":488,"passed_time":55.0119214,"remaining_time":57.48689537},
{"learn":[0.006278344755],"iteration":489,"passed_time":55.10767348,"remaining_time":57.35696628},
{"learn":[0.006265923528],"iteration":490,"passed_time":55.24353535,"remaining_time":57.26875661},
{"learn":[0.006262770125],"iteration":491,"passed_time":55.36340878,"remaining_time":57.16384484},
{"learn":[0.006236558864],"iteration":492,"passed_time":55.46339706,"remaining_time":57.03842254},
{"learn":[0.006223582051],"iteration":493,"passed_time":55.56891714,"remaining_time":56.91876937},
{"learn":[0.006195836129],"iteration":494,"passed_time":55.67976335,"remaining_time":56.80460705},
{"learn":[0.006177757524],"iteration":495,"passed_time":55.78789931,"remaining_time":56.68770413},
{"learn":[0.006162848641],"iteration":496,"passed_time":55.8999807,"remaining_time":56.57482956},
{"learn":[0.006159587843],"iteration":497,"passed_time":56.0035714,"remaining_time":56.45339928},
{"learn":[0.006143086808],"iteration":498,"passed_time":56.13790546,"remaining_time":56.36290709},
{"learn":[0.006131072117],"iteration":499,"passed_time":56.24620628,"remaining_time":56.24620628},
{"learn":[0.006118616118],"iteration":500,"passed_time":56.36310481,"remaining_time":56.13810239},
{"learn":[0.00611554301],"iteration":501,"passed_time":56.46360751,"remaining_time":56.01369829},
{"learn":[0.006093091761],"iteration":502,"passed_time":56.57280409,"remaining_time":55.89797939},
{"learn":[0.006077724217],"iteration":503,"passed_time":56.6911567,"remaining_time":55.79129707},
{"learn":[0.00605893448],"iteration":504,"passed_time":56.79265544,"remaining_time":55.6680484},
{"learn":[0.006055857316],"iteration":505,"passed_time":56.90105628,"remaining_time":55.55162411},
{"learn":[0.006052691824],"iteration":506,"passed_time":57.0302568,"remaining_time":55.4554568},
{"learn":[0.006032190986],"iteration":507,"passed_time":57.14420499,"remaining_time":55.34438751},
{"learn":[0.006028548654],"iteration":508,"passed_time":57.25515642,"remaining_time":55.23041611},
{"learn":[0.00601693453],"iteration":509,"passed_time":57.36581299,"remaining_time":55.11617326},
{"learn":[0.006013285925],"iteration":510,"passed_time":57.41120436,"remaining_time":54.93948911},
{"learn":[0.006010729022],"iteration":511,"passed_time":57.53488827,"remaining_time":54.83794039},
{"learn":[0.005994118235],"iteration":512,"passed_time":57.6479548,"remaining_time":54.7262261},
{"learn":[0.005991275315],"iteration":513,"passed_time":57.75080981,"remaining_time":54.6048513},
{"learn":[0.005988230174],"iteration":514,"passed_time":57.85748423,"remaining_time":54.48714535},
{"learn":[0.005969492102],"iteration":515,"passed_time":57.9673944,"remaining_time":54.37251723},
{"learn":[0.005956453941],"iteration":516,"passed_time":58.08705757,"remaining_time":54.26701897},
{"learn":[0.005936533199],"iteration":517,"passed_time":58.18889232,"remaining_time":54.14487664},
{"learn":[0.005923993985],"iteration":518,"passed_time":58.30781981,"remaining_time":54.03865381},
{"learn":[0.005919965282],"iteration":519,"passed_time":58.41821958,"remaining_time":53.92451039},
{"learn":[0.005892650749],"iteration":520,"passed_time":58.53811624,"remaining_time":53.81911263},
{"learn":[0.005890453801],"iteration":521,"passed_time":58.65080505,"remaining_time":53.70705903},
{"learn":[0.005873441253],"iteration":522,"passed_time":58.75546801,"remaining_time":53.58768306},
{"learn":[0.005855887194],"iteration":523,"passed_time":58.86252435,"remaining_time":53.47053738},
{"learn":[0.005852868485],"iteration":524,"passed_time":58.97146845,"remaining_time":53.35513812},
{"learn":[0.005838143935],"iteration":525,"passed_time":59.08572429,"remaining_time":53.24455003},
{"learn":[0.005824142198],"iteration":526,"passed_time":59.19168129,"remaining_time":53.12649953},
{"learn":[0.005814221712],"iteration":527,"passed_time":59.31951476,"remaining_time":53.02805107},
{"learn":[0.005797744955],"iteration":528,"passed_time":59.43882878,"remaining_time":52.92190616},
{"learn":[0.00578432138],"iteration":529,"passed_time":59.54180693,"remaining_time":52.80122502},
{"learn":[0.005781793386],"iteration":530,"passed_time":59.65358636,"remaining_time":52.68838419},
{"learn":[0.005778705487],"iteration":531,"passed_time":59.75612532,"remaining_time":52.56741852},
{"learn":[0.005765186814],"iteration":532,"passed_time":59.86682317,"remaining_time":52.45367058},
{"learn":[0.005762278482],"iteration":533,"passed_time":59.97605253,"remaining_time":52.33865258},
{"learn":[0.005744837218],"iteration":534,"passed_time":60.09248725,"remaining_time":52.22991883},
{"learn":[0.005742536586],"iteration":535,"passed_time":60.19269162,"remaining_time":52.10710618},
{"learn":[0.005740361636],"iteration":536,"passed_time":60.31646005,"remaining_time":52.00469461},
{"learn":[0.005737742498],"iteration":537,"passed_time":60.43335254,"remaining_time":51.89629902},
{"learn":[0.005727907043],"iteration":538,"passed_time":60.54291618,"remaining_time":51.78160364},
{"learn":[0.005725350326],"iteration":539,"passed_time":60.65368649,"remaining_time":51.66795516},
{"learn":[0.005710552177],"iteration":540,"passed_time":60.76107754,"remaining_time":51.55145026},
{"learn":[0.005691863754],"iteration":541,"passed_time":60.87661894,"remaining_time":51.44186619},
{"learn":[0.005677656402],"iteration":542,"passed_time":60.9790382,"remaining_time":51.32121631},
{"learn":[0.00567556227],"iteration":543,"passed_time":61.08680176,"remaining_time":51.20511324},
{"learn":[0.005656745192],"iteration":544,"passed_time":61.19666062,"remaining_time":51.09079006},
{"learn":[0.005641678499],"iteration":545,"passed_time":61.33035581,"remaining_time":50.99630319},
{"learn":[0.005614201933],"iteration":546,"passed_time":61.43565241,"remaining_time":50.87815455},
{"learn":[0.005590202241],"iteration":547,"passed_time":61.54309689,"remaining_time":50.76182444},
{"learn":[0.005576036059],"iteration":548,"passed_time":61.65852552,"remaining_time":50.65208563},
{"learn":[0.005574264124],"iteration":549,"passed_time":61.76021864,"remaining_time":50.53108798},
{"learn":[0.005572208017],"iteration":550,"passed_time":61.86972578,"remaining_time":50.4165279},
{"learn":[0.005554875526],"iteration":551,"passed_time":61.98078127,"remaining_time":50.30324277},
{"learn":[0.005543887214],"iteration":552,"passed_time":62.09395818,"remaining_time":50.19168048},
{"learn":[0.005529947588],"iteration":553,"passed_time":62.22623549,"remaining_time":50.09548922},
{"learn":[0.005509813234],"iteration":554,"passed_time":62.33868317,"remaining_time":49.98326849},
{"learn":[0.005507654521],"iteration":555,"passed_time":62.44562248,"remaining_time":49.86664817},
{"learn":[0.005505554263],"iteration":556,"passed_time":62.55386822,"remaining_time":49.75110165},
{"learn":[0.005503163132],"iteration":557,"passed_time":62.6762792,"remaining_time":49.6468018},
{"learn":[0.005485481443],"iteration":558,"passed_time":62.76835231,"remaining_time":49.51850334},
{"learn":[0.005476536061],"iteration":559,"passed_time":62.87798664,"remaining_time":49.40413236},
{"learn":[0.00547447522],"iteration":560,"passed_time":62.98832217,"remaining_time":49.29032697},
{"learn":[0.005471680531],"iteration":561,"passed_time":63.09842105,"remaining_time":49.1763495},
{"learn":[0.005469798359],"iteration":562,"passed_time":63.23028419,"remaining_time":49.07927921},
{"learn":[0.005450071571],"iteration":563,"passed_time":63.34043667,"remaining_time":48.9653021},
{"learn":[0.005434515014],"iteration":564,"passed_time":63.44797754,"remaining_time":48.84932784},
{"learn":[0.005411685779],"iteration":565,"passed_time":63.55636276,"remaining_time":48.73403081},
{"learn":[0.005409664114],"iteration":566,"passed_time":63.67258738,"remaining_time":48.62474486},
{"learn":[0.005405349423],"iteration":567,"passed_time":63.77062415,"remaining_time":48.50160147},
{"learn":[0.005393724345],"iteration":568,"passed_time":63.88137789,"remaining_time":48.38817903},
{"learn":[0.005390962875],"iteration":569,"passed_time":63.99063305,"remaining_time":48.27363546},
{"learn":[0.005365167626],"iteration":570,"passed_time":64.12561067,"remaining_time":48.17843604},
{"learn":[0.005363193479],"iteration":571,"passed_time":64.23154922,"remaining_time":48.06136899},
{"learn":[0.005341347528],"iteration":572,"passed_time":64.33894894,"remaining_time":47.94542966},
{"learn":[0.005326421237],"iteration":573,"passed_time":64.44944684,"remaining_time":47.83181943},
{"learn":[0.005324646974],"iteration":574,"passed_time":64.56774779,"remaining_time":47.7239875},
{"learn":[0.005305313603],"iteration":575,"passed_time":64.67420928,"remaining_time":47.60740405},
{"learn":[0.005303467109],"iteration":576,"passed_time":64.78813588,"remaining_time":47.49632838},
{"learn":[0.005301397405],"iteration":577,"passed_time":64.8932691,"remaining_time":47.37882277},
{"learn":[0.005299515354],"iteration":578,"passed_time":65.01967532,"remaining_time":47.27682782},
{"learn":[0.005288023499],"iteration":579,"passed_time":65.12942274,"remaining_time":47.16268544},
{"learn":[0.005271712385],"iteration":580,"passed_time":65.23910282,"remaining_time":47.04850961},
{"learn":[0.005257093123],"iteration":581,"passed_time":65.3451669,"remaining_time":46.93175217},
{"learn":[0.005232740952],"iteration":582,"passed_time":65.45752089,"remaining_time":46.81953038},
{"learn":[0.005230792903],"iteration":583,"passed_time":65.56884182,"remaining_time":46.70657225},
{"learn":[0.005216449327],"iteration":584,"passed_time":65.67748767,"remaining_time":46.59172202},
{"learn":[0.005195474395],"iteration":585,"passed_time":65.78461989,"remaining_time":46.47582361},
{"learn":[0.00518953113],"iteration":586,"passed_time":65.91798296,"remaining_time":46.3784105},
{"learn":[0.005187715197],"iteration":587,"passed_time":66.02424299,"remaining_time":46.26188454},
{"learn":[0.00518593134],"iteration":588,"passed_time":66.13116734,"remaining_time":46.14585701},
{"learn":[0.005184572094],"iteration":589,"passed_time":66.23736228,"remaining_time":46.02935345},
{"learn":[0.005173497812],"iteration":590,"passed_time":66.34670757,"remaining_time":45.91506497},
{"learn":[0.005157135332],"iteration":591,"passed_time":66.45676635,"remaining_time":45.80128492},
{"learn":[0.005144571395],"iteration":592,"passed_time":66.56624363,"remaining_time":45.68711831},
{"learn":[0.005142783165],"iteration":593,"passed_time":66.69003144,"remaining_time":45.58274876},
{"learn":[0.005133273877],"iteration":594,"passed_time":66.78062593,"remaining_time":45.45572017},
{"learn":[0.005119318715],"iteration":595,"passed_time":66.91570245,"remaining_time":45.35896609},
{"learn":[0.005103944008],"iteration":596,"passed_time":67.02561581,"remaining_time":45.24509744},
{"learn":[0.005091834955],"iteration":597,"passed_time":67.13595254,"remaining_time":45.13152662},
{"learn":[0.005078644613],"iteration":598,"passed_time":67.25187745,"remaining_time":45.02170761},
{"learn":[0.005068905364],"iteration":599,"passed_time":67.36841931,"remaining_time":44.91227954},
{"learn":[0.005056814806],"iteration":600,"passed_time":67.46227391,"remaining_time":44.78776587},
{"learn":[0.005039061028],"iteration":601,"passed_time":67.5718829,"remaining_time":44.67376976},
{"learn":[0.005037732488],"iteration":602,"passed_time":67.68613647,"remaining_time":44.56284607},
{"learn":[0.005026127694],"iteration":603,"passed_time":67.81387315,"remaining_time":44.46075127},
{"learn":[0.00502435559],"iteration":604,"passed_time":67.92097836,"remaining_time":44.34510157},
{"learn":[0.005009710003],"iteration":605,"passed_time":68.02942456,"remaining_time":44.23035194},
{"learn":[0.005007249329],"iteration":606,"passed_time":68.13825474,"remaining_time":44.11587169},
{"learn":[0.004987246417],"iteration":607,"passed_time":68.24635883,"remaining_time":44.00094188},
{"learn":[0.004961786705],"iteration":608,"passed_time":68.3539053,"remaining_time":43.88567647},
{"learn":[0.004951790932],"iteration":609,"passed_time":68.46170832,"remaining_time":43.7706004},
{"learn":[0.004950031722],"iteration":610,"passed_time":68.56965583,"remaining_time":43.65564013},
{"learn":[0.004937560667],"iteration":611,"passed_time":68.69558593,"remaining_time":43.5521035},
{"learn":[0.004935650156],"iteration":612,"passed_time":68.8162552,"remaining_time":43.44517253},
{"learn":[0.004910798852],"iteration":613,"passed_time":68.92774293,"remaining_time":43.33242471},
{"learn":[0.004896669188],"iteration":614,"passed_time":69.03187766,"remaining_time":43.21507788},
{"learn":[0.004883366851],"iteration":615,"passed_time":69.1468793,"remaining_time":43.10454813},
{"learn":[0.00488113946],"iteration":616,"passed_time":69.25586063,"remaining_time":42.99026681},
{"learn":[0.00487213697],"iteration":617,"passed_time":69.37853042,"remaining_time":42.88446379},
{"learn":[0.004860849518],"iteration":618,"passed_time":69.47911868,"remaining_time":42.76501489},
{"learn":[0.004831010971],"iteration":619,"passed_time":69.57317749,"remaining_time":42.64162492},
{"learn":[0.00482903132],"iteration":620,"passed_time":69.70069377,"remaining_time":42.5387487},
{"learn":[0.004816654122],"iteration":621,"passed_time":69.81381186,"remaining_time":42.42704322},
{"learn":[0.004806810224],"iteration":622,"passed_time":69.92453428,"remaining_time":42.31388351},
{"learn":[0.004798596852],"iteration":623,"passed_time":70.03795071,"remaining_time":42.20235492},
{"learn":[0.004797124745],"iteration":624,"passed_time":70.14448008,"remaining_time":42.08668805},
{"learn":[0.004781339192],"iteration":625,"passed_time":70.26624518,"remaining_time":41.98015287},
{"learn":[0.004765793909],"iteration":626,"passed_time":70.36331859,"remaining_time":41.85888012},
{"learn":[0.004755982859],"iteration":627,"passed_time":70.47579857,"remaining_time":41.74681062},
{"learn":[0.004748591492],"iteration":628,"passed_time":70.5805794,"remaining_time":41.63019866},
{"learn":[0.004746784353],"iteration":629,"passed_time":70.71283939,"remaining_time":41.52976281},
{"learn":[0.004735114468],"iteration":630,"passed_time":70.81765301,"remaining_time":41.41317585},
{"learn":[0.004717048477],"iteration":631,"passed_time":70.93021098,"remaining_time":41.30113551},
{"learn":[0.004709196753],"iteration":632,"passed_time":71.04238799,"remaining_time":41.18887266},
{"learn":[0.004694988976],"iteration":633,"passed_time":71.1529404,"remaining_time":41.07567222},
{"learn":[0.004681493538],"iteration":634,"passed_time":71.26126214,"remaining_time":40.96119793},
{"learn":[0.004672092522],"iteration":635,"passed_time":71.38655835,"remaining_time":40.85645792},
{"learn":[0.004657617246],"iteration":636,"passed_time":71.50662951,"remaining_time":40.74867585},
{"learn":[0.004644454191],"iteration":637,"passed_time":71.61582101,"remaining_time":40.63468214},
{"learn":[0.004633067443],"iteration":638,"passed_time":71.72959141,"remaining_time":40.5232903},
{"learn":[0.004623713591],"iteration":639,"passed_time":71.8334826,"remaining_time":40.40633396},
{"learn":[0.004621940796],"iteration":640,"passed_time":71.9442171,"remaining_time":40.29325107},
{"learn":[0.004613425933],"iteration":641,"passed_time":72.05619654,"remaining_time":40.18086972},
{"learn":[0.004605572206],"iteration":642,"passed_time":72.16598376,"remaining_time":40.06727247},
{"learn":[0.004596011812],"iteration":643,"passed_time":72.28234978,"remaining_time":39.95732379},
{"learn":[0.004590806967],"iteration":644,"passed_time":72.41336755,"remaining_time":39.85541935},
{"learn":[0.004582181666],"iteration":645,"passed_time":72.51925071,"remaining_time":39.73965132},
{"learn":[0.004570134312],"iteration":646,"passed_time":72.63028094,"remaining_time":39.62672206},
{"learn":[0.004556201241],"iteration":647,"passed_time":72.74244681,"remaining_time":39.51441555},
{"learn":[0.004554704981],"iteration":648,"passed_time":72.84591447,"remaining_time":39.39740521},
{"learn":[0.004536276847],"iteration":649,"passed_time":72.95219341,"remaining_time":39.2819503},
{"learn":[0.004528088451],"iteration":650,"passed_time":73.06169823,"remaining_time":39.16825297},
{"learn":[0.004517836427],"iteration":651,"passed_time":73.17198213,"remaining_time":39.05498433},
{"learn":[0.004515836619],"iteration":652,"passed_time":73.30735184,"remaining_time":38.95505527},
{"learn":[0.004501343425],"iteration":653,"passed_time":73.41096528,"remaining_time":38.83821711},
{"learn":[0.004493790623],"iteration":654,"passed_time":73.52535272,"remaining_time":38.72709418},
{"learn":[0.004492034283],"iteration":655,"passed_time":73.63183488,"remaining_time":38.61181585},
{"learn":[0.004486201863],"iteration":656,"passed_time":73.74559006,"remaining_time":38.50036132},
{"learn":[0.004473885307],"iteration":657,"passed_time":73.85674257,"remaining_time":38.38754705},
{"learn":[0.004472395845],"iteration":658,"passed_time":73.96506223,"remaining_time":38.27327196},
{"learn":[0.0044572016],"iteration":659,"passed_time":74.08567461,"remaining_time":38.16534753},
{"learn":[0.00445058166],"iteration":660,"passed_time":74.20331635,"remaining_time":38.05586118},
{"learn":[0.004444142705],"iteration":661,"passed_time":74.31179765,"remaining_time":37.94167312},
{"learn":[0.004436921177],"iteration":662,"passed_time":74.4241382,"remaining_time":37.82946391},
{"learn":[0.004425686958],"iteration":663,"passed_time":74.53446532,"remaining_time":37.71623546},
{"learn":[0.004424192056],"iteration":664,"passed_time":74.64522888,"remaining_time":37.6032356},
{"learn":[0.004416667692],"iteration":665,"passed_time":74.75669278,"remaining_time":37.49059368},
{"learn":[0.004407239052],"iteration":666,"passed_time":74.89271915,"remaining_time":37.39021811},
{"learn":[0.004398033311],"iteration":667,"passed_time":75.00126816,"remaining_time":37.27607939},
{"learn":[0.004396110074],"iteration":668,"passed_time":75.11268905,"remaining_time":37.16337829},
{"learn":[0.004394761235],"iteration":669,"passed_time":75.21150852,"remaining_time":37.04447434},
{"learn":[0.004393677296],"iteration":670,"passed_time":75.31970649,"remaining_time":36.93022866},
{"learn":[0.004392317872],"iteration":671,"passed_time":75.43386026,"remaining_time":36.81890798},
{"learn":[0.004391209486],"iteration":672,"passed_time":75.53599474,"remaining_time":36.7017389},
{"learn":[0.004374869574],"iteration":673,"passed_time":75.64658046,"remaining_time":36.58870212},
{"learn":[0.004371660799],"iteration":674,"passed_time":75.75605648,"remaining_time":36.4751383},
{"learn":[0.004364398351],"iteration":675,"passed_time":75.86374306,"remaining_time":36.36072892},
{"learn":[0.004363297827],"iteration":676,"passed_time":75.99901223,"remaining_time":36.25949919},
{"learn":[0.004361915188],"iteration":677,"passed_time":76.10457211,"remaining_time":36.14405932},
{"learn":[0.00436037677],"iteration":678,"passed_time":76.21480147,"remaining_time":36.03085607},
{"learn":[0.004349884115],"iteration":679,"passed_time":76.32466014,"remaining_time":35.91748712},
{"learn":[0.004340475396],"iteration":680,"passed_time":76.43359392,"remaining_time":35.80369524},
{"learn":[0.004333090806],"iteration":681,"passed_time":76.54497719,"remaining_time":35.69105974},
{"learn":[0.004331769584],"iteration":682,"passed_time":76.65167393,"remaining_time":35.57625276},
{"learn":[0.00433058258],"iteration":683,"passed_time":76.76340697,"remaining_time":35.4637962},
{"learn":[0.004316861181],"iteration":684,"passed_time":76.87194766,"remaining_time":35.34987374},
{"learn":[0.00431534771],"iteration":685,"passed_time":77.00246998,"remaining_time":35.24602853},
{"learn":[0.004314170883],"iteration":686,"passed_time":77.10987043,"remaining_time":35.13157124},
{"learn":[0.004308699224],"iteration":687,"passed_time":77.22061646,"remaining_time":35.01865165},
{"learn":[0.004300627475],"iteration":688,"passed_time":77.33351368,"remaining_time":34.90670937},
{"learn":[0.004293962935],"iteration":689,"passed_time":77.43643617,"remaining_time":34.79028292},
{"learn":[0.004282051561],"iteration":690,"passed_time":77.55037129,"remaining_time":34.67882016},
{"learn":[0.004280811197],"iteration":691,"passed_time":77.65952621,"remaining_time":34.56522265},
{"learn":[0.004273044028],"iteration":692,"passed_time":77.79568624,"remaining_time":34.46360126},
{"learn":[0.004266517059],"iteration":693,"passed_time":77.90629602,"remaining_time":34.35061467},
{"learn":[0.004250741288],"iteration":694,"passed_time":78.01605673,"remaining_time":34.23726231},
{"learn":[0.004242928479],"iteration":695,"passed_time":78.12484497,"remaining_time":34.1234955},
{"learn":[0.004237616756],"iteration":696,"passed_time":78.23396171,"remaining_time":34.00988579},
{"learn":[0.004236592539],"iteration":697,"passed_time":78.35391788,"remaining_time":33.90097879},
{"learn":[0.00422635274],"iteration":698,"passed_time":78.45454699,"remaining_time":33.78371766},
{"learn":[0.004218901417],"iteration":699,"passed_time":78.56264306,"remaining_time":33.66970417},
{"learn":[0.004207724387],"iteration":700,"passed_time":78.70196873,"remaining_time":33.56902803},
{"learn":[0.004199873911],"iteration":701,"passed_time":78.8107054,"remaining_time":33.45525671},
{"learn":[0.004185804132],"iteration":702,"passed_time":78.91879594,"remaining_time":33.34122673},
{"learn":[0.004176584087],"iteration":703,"passed_time":79.03548136,"remaining_time":33.23082739},
{"learn":[0.004168101828],"iteration":704,"passed_time":79.14130323,"remaining_time":33.11586447},
{"learn":[0.004163795284],"iteration":705,"passed_time":79.24526181,"remaining_time":33.00015152},
{"learn":[0.004157679868],"iteration":706,"passed_time":79.37119437,"remaining_time":32.89357843},
{"learn":[0.004151396142],"iteration":707,"passed_time":79.49273517,"remaining_time":32.78513937},
{"learn":[0.004142732768],"iteration":708,"passed_time":79.60154004,"remaining_time":32.67143604},
{"learn":[0.004128120513],"iteration":709,"passed_time":79.71326592,"remaining_time":32.5589396},
{"learn":[0.00412666632],"iteration":710,"passed_time":79.81940546,"remaining_time":32.44417465},
{"learn":[0.004114616328],"iteration":711,"passed_time":79.92618088,"remaining_time":32.32969114},
{"learn":[0.004103112282],"iteration":712,"passed_time":80.04856839,"remaining_time":32.22151351},
{"learn":[0.004102042906],"iteration":713,"passed_time":80.14261619,"remaining_time":32.1019443},
{"learn":[0.004100599912],"iteration":714,"passed_time":80.26677155,"remaining_time":31.9944474},
{"learn":[0.004095187991],"iteration":715,"passed_time":80.37011832,"remaining_time":31.87865028},
{"learn":[0.004093976713],"iteration":716,"passed_time":80.495873,"remaining_time":31.7717323},
{"learn":[0.004083322256],"iteration":717,"passed_time":80.60428824,"remaining_time":31.65795165},
{"learn":[0.004072623334],"iteration":718,"passed_time":80.71540585,"remaining_time":31.54524206},
{"learn":[0.004065564921],"iteration":719,"passed_time":80.82514323,"remaining_time":31.43200014},
{"learn":[0.004057234248],"iteration":720,"passed_time":80.93485877,"remaining_time":31.31875949},
{"learn":[0.004047909378],"iteration":721,"passed_time":81.05352224,"remaining_time":31.20897394},
{"learn":[0.004039037696],"iteration":722,"passed_time":81.15747576,"remaining_time":31.09352806},
{"learn":[0.004032730308],"iteration":723,"passed_time":81.30880723,"remaining_time":30.99617513},
{"learn":[0.004025038104],"iteration":724,"passed_time":81.41920822,"remaining_time":30.88314795},
{"learn":[0.00402397127],"iteration":725,"passed_time":81.51869813,"remaining_time":30.76601004},
{"learn":[0.004016595928],"iteration":726,"passed_time":81.63111743,"remaining_time":30.65377587},
{"learn":[0.004015105988],"iteration":727,"passed_time":81.7339766,"remaining_time":30.53796928},
{"learn":[0.004004751212],"iteration":728,"passed_time":81.842849,"remaining_time":30.42443358},
{"learn":[0.004003780182],"iteration":729,"passed_time":81.95438875,"remaining_time":30.31189721},
{"learn":[0.004002745137],"iteration":730,"passed_time":82.08737415,"remaining_time":30.20725533},
{"learn":[0.003998221383],"iteration":731,"passed_time":82.19307525,"remaining_time":30.09254668},
{"learn":[0.003989325993],"iteration":732,"passed_time":82.3072759,"remaining_time":29.98095861},
{"learn":[0.003984054534],"iteration":733,"passed_time":82.41963023,"remaining_time":29.86869433},
{"learn":[0.003982630262],"iteration":734,"passed_time":82.53062119,"remaining_time":29.75593825},
{"learn":[0.003980504237],"iteration":735,"passed_time":82.63756715,"remaining_time":29.64173604},
{"learn":[0.003968589827],"iteration":736,"passed_time":82.7527685,"remaining_time":29.53049948},
{"learn":[0.003961281413],"iteration":737,"passed_time":82.85713283,"remaining_time":29.41540488},
{"learn":[0.003960111143],"iteration":738,"passed_time":82.99282158,"remaining_time":29.31140248},
{"learn":[0.00395884216],"iteration":739,"passed_time":83.09832179,"remaining_time":29.19670766},
{"learn":[0.003950329728],"iteration":740,"passed_time":83.20829367,"remaining_time":29.08360062},
{"learn":[0.003949180876],"iteration":741,"passed_time":83.31488293,"remaining_time":28.96932587},
{"learn":[0.003937518917],"iteration":742,"passed_time":83.4256884,"remaining_time":28.85653017},
{"learn":[0.003936277891],"iteration":743,"passed_time":83.53262606,"remaining_time":28.74240897},
{"learn":[0.003929800124],"iteration":744,"passed_time":83.64169943,"remaining_time":28.62903806},
{"learn":[0.003920128139],"iteration":745,"passed_time":83.75116297,"remaining_time":28.51581152},
{"learn":[0.003911567179],"iteration":746,"passed_time":83.88774877,"remaining_time":28.41178104},
{"learn":[0.003910271405],"iteration":747,"passed_time":83.99456779,"remaining_time":28.29763514},
{"learn":[0.003902852968],"iteration":748,"passed_time":84.11507416,"remaining_time":28.18809561},
{"learn":[0.003893807051],"iteration":749,"passed_time":84.21453589,"remaining_time":28.07151196},
{"learn":[0.003887964864],"iteration":750,"passed_time":84.32338405,"remaining_time":27.95808606},
{"learn":[0.003886641284],"iteration":751,"passed_time":84.4437099,"remaining_time":27.84845752},
{"learn":[0.003880753556],"iteration":752,"passed_time":84.54132228,"remaining_time":27.73135007},
{"learn":[0.003879660284],"iteration":753,"passed_time":84.64751776,"remaining_time":27.61709465},
{"learn":[0.003863940086],"iteration":754,"passed_time":84.78426056,"remaining_time":27.5127733},
{"learn":[0.003854331921],"iteration":755,"passed_time":84.89337172,"remaining_time":27.39944801},
{"learn":[0.003845524246],"iteration":756,"passed_time":85.0040403,"remaining_time":27.28663381},
{"learn":[0.00383953012],"iteration":757,"passed_time":85.10933059,"remaining_time":27.17210818},
{"learn":[0.003834673101],"iteration":758,"passed_time":85.2160784,"remaining_time":27.05806969},
{"learn":[0.003833280975],"iteration":759,"passed_time":85.32506005,"remaining_time":26.9447558},
{"learn":[0.003823929336],"iteration":760,"passed_time":85.44658131,"remaining_time":26.8353915},
{"learn":[0.003822809964],"iteration":761,"passed_time":85.5461356,"remaining_time":26.71913422},
{"learn":[0.003817533894],"iteration":762,"passed_time":85.68070852,"remaining_time":26.61379806},
{"learn":[0.003816493949],"iteration":763,"passed_time":85.78635375,"remaining_time":26.49944959},
{"learn":[0.0038105162],"iteration":764,"passed_time":85.89981392,"remaining_time":26.38752454},
{"learn":[0.003801476917],"iteration":765,"passed_time":86.01066649,"remaining_time":26.2747989},
{"learn":[0.003795632838],"iteration":766,"passed_time":86.1199621,"remaining_time":26.16160517},
{"learn":[0.003791619158],"iteration":767,"passed_time":86.23110354,"remaining_time":26.04897919},
{"learn":[0.003790698744],"iteration":768,"passed_time":86.33782724,"remaining_time":25.93503003},
{"learn":[0.003789482622],"iteration":769,"passed_time":86.45160774,"remaining_time":25.82320751},
{"learn":[0.003775751426],"iteration":770,"passed_time":86.58049932,"remaining_time":25.71586815},
{"learn":[0.003768070974],"iteration":771,"passed_time":86.68751453,"remaining_time":25.60201206},
{"learn":[0.003767353793],"iteration":772,"passed_time":86.8047941,"remaining_time":25.49118792},
{"learn":[0.003755123669],"iteration":773,"passed_time":86.91766338,"remaining_time":25.37905933},
{"learn":[0.003754192438],"iteration":774,"passed_time":87.01303533,"remaining_time":25.26184897},
{"learn":[0.00374723952],"iteration":775,"passed_time":87.14026549,"remaining_time":25.15389107},
{"learn":[0.00374021067],"iteration":776,"passed_time":87.2433729,"remaining_time":25.03896031},
{"learn":[0.003738336383],"iteration":777,"passed_time":87.33928574,"remaining_time":24.92200698},
{"learn":[0.003737272317],"iteration":778,"passed_time":87.44620731,"remaining_time":24.80823083},
{"learn":[0.003733388585],"iteration":779,"passed_time":87.58367032,"remaining_time":24.7030865},
{"learn":[0.003727912731],"iteration":780,"passed_time":87.69249423,"remaining_time":24.58982873},
{"learn":[0.003726657115],"iteration":781,"passed_time":87.80252268,"remaining_time":24.47691809},
{"learn":[0.003721270251],"iteration":782,"passed_time":87.91154069,"remaining_time":24.36373478},
{"learn":[0.00372041581],"iteration":783,"passed_time":88.01939241,"remaining_time":24.25024077},
{"learn":[0.003712379963],"iteration":784,"passed_time":88.13038487,"remaining_time":24.13762133},
{"learn":[0.00370374213],"iteration":785,"passed_time":88.24977675,"remaining_time":24.02729291},
{"learn":[0.003696740513],"iteration":786,"passed_time":88.37580066,"remaining_time":23.91873639},
{"learn":[0.003695616109],"iteration":787,"passed_time":88.48284532,"remaining_time":23.80502945},
{"learn":[0.003682737338],"iteration":788,"passed_time":88.59080146,"remaining_time":23.69158315},
{"learn":[0.003665416807],"iteration":789,"passed_time":88.69827675,"remaining_time":23.57802293},
{"learn":[0.003664402336],"iteration":790,"passed_time":88.80328755,"remaining_time":23.46382693},
{"learn":[0.003659202434],"iteration":791,"passed_time":88.91317561,"remaining_time":23.35093501},
{"learn":[0.003653145018],"iteration":792,"passed_time":89.02193561,"remaining_time":23.23775621},
{"learn":[0.003646962342],"iteration":793,"passed_time":89.13466074,"remaining_time":23.12561727},
{"learn":[0.003641748689],"iteration":794,"passed_time":89.27378412,"remaining_time":23.02028396},
{"learn":[0.003636353407],"iteration":795,"passed_time":89.38265323,"remaining_time":22.90711213},
{"learn":[0.003630693401],"iteration":796,"passed_time":89.49318157,"remaining_time":22.79437372},
{"learn":[0.003625834612],"iteration":797,"passed_time":89.60167763,"remaining_time":22.68112642},
{"learn":[0.003619180757],"iteration":798,"passed_time":89.71225613,"remaining_time":22.56841487},
{"learn":[0.003611557094],"iteration":799,"passed_time":89.82138273,"remaining_time":22.45534568},
{"learn":[0.00360454938],"iteration":800,"passed_time":89.9302511,"remaining_time":22.34222218},
{"learn":[0.003598857637],"iteration":801,"passed_time":90.04416656,"remaining_time":22.23035533},
{"learn":[0.003597901072],"iteration":802,"passed_time":90.15342138,"remaining_time":22.11733999},
{"learn":[0.003591136463],"iteration":803,"passed_time":90.27265269,"remaining_time":22.00676608},
{"learn":[0.003584088836],"iteration":804,"passed_time":90.39232247,"remaining_time":21.89627687},
{"learn":[0.003580140415],"iteration":805,"passed_time":90.50823136,"remaining_time":21.78485966},
{"learn":[0.003572409729],"iteration":806,"passed_time":90.60474835,"remaining_time":21.6687936},
{"learn":[0.003566132227],"iteration":807,"passed_time":90.71376702,"remaining_time":21.55574662},
{"learn":[0.003565063837],"iteration":808,"passed_time":90.82361965,"remaining_time":21.44290649},
{"learn":[0.003558025727],"iteration":809,"passed_time":90.95879746,"remaining_time":21.33601422},
{"learn":[0.003544708382],"iteration":810,"passed_time":91.06470726,"remaining_time":21.22223141},
{"learn":[0.003539790102],"iteration":811,"passed_time":91.17557696,"remaining_time":21.10961634},
{"learn":[0.003536301267],"iteration":812,"passed_time":91.28379196,"remaining_time":20.99639495},
{"learn":[0.003531661314],"iteration":813,"passed_time":91.3944912,"remaining_time":20.88375352},
{"learn":[0.003530709087],"iteration":814,"passed_time":91.51895996,"remaining_time":20.77424244},
{"learn":[0.003529850344],"iteration":815,"passed_time":91.6121506,"remaining_time":20.6576418},
{"learn":[0.003522737295],"iteration":816,"passed_time":91.62522395,"remaining_time":20.52315298},
{"learn":[0.003521738669],"iteration":817,"passed_time":91.73852019,"remaining_time":20.41125999},
{"learn":[0.003516211122],"iteration":818,"passed_time":91.86054469,"remaining_time":20.30129254},
{"learn":[0.003507704866],"iteration":819,"passed_time":91.9727782,"remaining_time":20.18914643},
{"learn":[0.003498635698],"iteration":820,"passed_time":92.08421918,"remaining_time":20.07682732},
{"learn":[0.003497622386],"iteration":821,"passed_time":92.19079762,"remaining_time":19.96345739},
{"learn":[0.003496704149],"iteration":822,"passed_time":92.30133651,"remaining_time":19.85095573},
{"learn":[0.003492385677],"iteration":823,"passed_time":92.41240045,"remaining_time":19.73857097},
{"learn":[0.003487858412],"iteration":824,"passed_time":92.52322574,"remaining_time":19.62613879},
{"learn":[0.003482619466],"iteration":825,"passed_time":92.65953833,"remaining_time":19.5190795},
{"learn":[0.003481703317],"iteration":826,"passed_time":92.76303256,"remaining_time":19.4050842},
{"learn":[0.003475360807],"iteration":827,"passed_time":92.87206533,"remaining_time":19.29226478},
{"learn":[0.003469610625],"iteration":828,"passed_time":92.98409585,"remaining_time":19.18007285},
{"learn":[0.003461996974],"iteration":829,"passed_time":93.09284059,"remaining_time":19.06720831},
{"learn":[0.003453818599],"iteration":830,"passed_time":93.2006565,"remaining_time":18.9541648},
{"learn":[0.00344928485],"iteration":831,"passed_time":93.30865441,"remaining_time":18.8411706},
{"learn":[0.003448624712],"iteration":832,"passed_time":93.45772055,"remaining_time":18.73642177},
{"learn":[0.003447929794],"iteration":833,"passed_time":93.55833785,"remaining_time":18.62192336},
{"learn":[0.003447283327],"iteration":834,"passed_time":93.67242851,"remaining_time":18.5101206},
{"learn":[0.003443153744],"iteration":835,"passed_time":93.77468404,"remaining_time":18.39599065},
{"learn":[0.003434243014],"iteration":836,"passed_time":93.88242628,"remaining_time":18.28295757},
{"learn":[0.003425120215],"iteration":837,"passed_time":93.99435974,"remaining_time":18.17074735},
{"learn":[0.003424297662],"iteration":838,"passed_time":94.10340939,"remaining_time":18.0579844},
{"learn":[0.003423353626],"iteration":839,"passed_time":94.21225543,"remaining_time":17.94519151},
{"learn":[0.00342245897],"iteration":840,"passed_time":94.31968106,"remaining_time":17.83213946},
{"learn":[0.003421627349],"iteration":841,"passed_time":94.45373981,"remaining_time":17.72409844},
{"learn":[0.003420826671],"iteration":842,"passed_time":94.56832646,"remaining_time":17.61236922},
{"learn":[0.003415623571],"iteration":843,"passed_time":94.67463914,"remaining_time":17.49910392},
{"learn":[0.003407711738],"iteration":844,"passed_time":94.80084519,"remaining_time":17.38950415},
{"learn":[0.003401641354],"iteration":845,"passed_time":94.89787239,"remaining_time":17.2745536},
{"learn":[0.003400842206],"iteration":846,"passed_time":95.01002844,"remaining_time":17.16237822},
{"learn":[0.00339769344],"iteration":847,"passed_time":95.11669771,"remaining_time":17.0492194},
{"learn":[0.003393550414],"iteration":848,"passed_time":95.25154493,"remaining_time":16.9410875},
{"learn":[0.003390153858],"iteration":849,"passed_time":95.36057667,"remaining_time":16.82833706},
{"learn":[0.003389290855],"iteration":850,"passed_time":95.48338107,"remaining_time":16.71800679},
{"learn":[0.003382534458],"iteration":851,"passed_time":95.58402935,"remaining_time":16.60379853},
{"learn":[0.003381832243],"iteration":852,"passed_time":95.68792774,"remaining_time":16.49018215},
{"learn":[0.003378040848],"iteration":853,"passed_time":95.79704478,"remaining_time":16.37748072},
{"learn":[0.003377267141],"iteration":854,"passed_time":95.90802005,"remaining_time":16.26510282},
{"learn":[0.003369482089],"iteration":855,"passed_time":96.01593294,"remaining_time":16.15221302},
{"learn":[0.003368897408],"iteration":856,"passed_time":96.14964045,"remaining_time":16.04363896},
{"learn":[0.003362924195],"iteration":857,"passed_time":96.25820987,"remaining_time":15.93084592},
{"learn":[0.003358602469],"iteration":858,"passed_time":96.37181099,"remaining_time":15.81888865},
{"learn":[0.003348529814],"iteration":859,"passed_time":96.48381212,"remaining_time":15.70666709},
{"learn":[0.003347591581],"iteration":860,"passed_time":96.59483105,"remaining_time":15.59428747},
{"learn":[0.003346805536],"iteration":861,"passed_time":96.69828127,"remaining_time":15.48069932},
{"learn":[0.003342587852],"iteration":862,"passed_time":96.81004615,"remaining_time":15.3684546},
{"learn":[0.003336296852],"iteration":863,"passed_time":96.92736089,"remaining_time":15.25708459},
{"learn":[0.003335728502],"iteration":864,"passed_time":97.04687977,"remaining_time":15.14604482},
{"learn":[0.003327006065],"iteration":865,"passed_time":97.1568169,"remaining_time":15.03350285},
{"learn":[0.003325996797],"iteration":866,"passed_time":97.26540183,"remaining_time":14.92075945},
{"learn":[0.003318495847],"iteration":867,"passed_time":97.37272891,"remaining_time":14.80783435},
{"learn":[0.003311652353],"iteration":868,"passed_time":97.48152873,"remaining_time":14.69514415},
{"learn":[0.003310780725],"iteration":869,"passed_time":97.58622279,"remaining_time":14.58184938},
{"learn":[0.00331001467],"iteration":870,"passed_time":97.70500783,"remaining_time":14.47066132},
{"learn":[0.003306394586],"iteration":871,"passed_time":97.80202573,"remaining_time":14.35626066},
{"learn":[0.003305481219],"iteration":872,"passed_time":97.90988592,"remaining_time":14.2434771},
{"learn":[0.003304792319],"iteration":873,"passed_time":98.01906831,"remaining_time":14.13089543},
{"learn":[0.003301774741],"iteration":874,"passed_time":98.15158849,"remaining_time":14.0216555},
{"learn":[0.003300943532],"iteration":875,"passed_time":98.25898253,"remaining_time":13.90880575},
{"learn":[0.003295850949],"iteration":876,"passed_time":98.36700927,"remaining_time":13.79605717},
{"learn":[0.00329048062],"iteration":877,"passed_time":98.47718718,"remaining_time":13.68361826},
{"learn":[0.003289679384],"iteration":878,"passed_time":98.58793982,"remaining_time":13.57126362},
{"learn":[0.003285831188],"iteration":879,"passed_time":98.69446789,"remaining_time":13.45833653},
{"learn":[0.003285270937],"iteration":880,"passed_time":98.80290228,"remaining_time":13.34568147},
{"learn":[0.00328461605],"iteration":881,"passed_time":98.90974882,"remaining_time":13.23282354},
{"learn":[0.003283957372],"iteration":882,"passed_time":99.04283479,"remaining_time":13.12345602},
{"learn":[0.003277644263],"iteration":883,"passed_time":99.15036503,"remaining_time":13.01068138},
{"learn":[0.003276988677],"iteration":884,"passed_time":99.25748749,"remaining_time":12.89786561},
{"learn":[0.003276305123],"iteration":885,"passed_time":99.36324925,"remaining_time":12.7848876},
{"learn":[0.003269538059],"iteration":886,"passed_time":99.4826445,"remaining_time":12.67366272},
{"learn":[0.003263765796],"iteration":887,"passed_time":99.58768833,"remaining_time":12.56060934},
{"learn":[0.003257957426],"iteration":888,"passed_time":99.70045116,"remaining_time":12.44853777},
{"learn":[0.003253114434],"iteration":889,"passed_time":99.80496739,"remaining_time":12.33544541},
{"learn":[0.003248239614],"iteration":890,"passed_time":99.94080465,"remaining_time":12.22620394},
{"learn":[0.003247334438],"iteration":891,"passed_time":100.0459644,"remaining_time":12.11318852},
{"learn":[0.003246515663],"iteration":892,"passed_time":100.1545216,"remaining_time":12.00059778},
{"learn":[0.003239720291],"iteration":893,"passed_time":100.2686701,"remaining_time":11.888679},
{"learn":[0.003234707389],"iteration":894,"passed_time":100.3825334,"remaining_time":11.77672179},
{"learn":[0.003229147411],"iteration":895,"passed_time":100.4886088,"remaining_time":11.66385637},
{"learn":[0.003228504024],"iteration":896,"passed_time":100.6025406,"remaining_time":11.55190823},
{"learn":[0.003224211504],"iteration":897,"passed_time":100.7089879,"remaining_time":11.43910553},
{"learn":[0.003219500297],"iteration":898,"passed_time":100.8252707,"remaining_time":11.32742196},
{"learn":[0.003216990426],"iteration":899,"passed_time":100.9397001,"remaining_time":11.21552223},
{"learn":[0.003212366362],"iteration":900,"passed_time":101.0486774,"remaining_time":11.10301783},
{"learn":[0.003208075235],"iteration":901,"passed_time":101.1620619,"remaining_time":10.99100007},
{"learn":[0.003203033692],"iteration":902,"passed_time":101.2725588,"remaining_time":10.87866911},
{"learn":[0.003202182498],"iteration":903,"passed_time":101.3807292,"remaining_time":10.76609513},
{"learn":[0.003197244467],"iteration":904,"passed_time":101.4961378,"remaining_time":10.65429071},
{"learn":[0.003196621851],"iteration":905,"passed_time":101.6073361,"remaining_time":10.5420415},
{"learn":[0.003192398039],"iteration":906,"passed_time":101.7157963,"remaining_time":10.42951384},
{"learn":[0.003187881189],"iteration":907,"passed_time":101.8417144,"remaining_time":10.31876402},
{"learn":[0.003183934947],"iteration":908,"passed_time":101.9534364,"remaining_time":10.20655964},
{"learn":[0.003178927285],"iteration":909,"passed_time":102.0649815,"remaining_time":10.09433883},
{"learn":[0.003174605688],"iteration":910,"passed_time":102.174048,"remaining_time":9.981877359},
{"learn":[0.003169641809],"iteration":911,"passed_time":102.2825429,"remaining_time":9.869368178},
{"learn":[0.00316356657],"iteration":912,"passed_time":102.3922428,"remaining_time":9.756982611},
{"learn":[0.00315847414],"iteration":913,"passed_time":102.501918,"remaining_time":9.6446006},
{"learn":[0.00315136547],"iteration":914,"passed_time":102.639025,"remaining_time":9.534772816},
{"learn":[0.003147067171],"iteration":915,"passed_time":102.73883,"remaining_time":9.421464762},
{"learn":[0.003142759727],"iteration":916,"passed_time":102.8506725,"remaining_time":9.309275697},
{"learn":[0.003142040405],"iteration":917,"passed_time":102.9600884,"remaining_time":9.196870638},
{"learn":[0.003136840838],"iteration":918,"passed_time":103.0698647,"remaining_time":9.084503851},
{"learn":[0.003131646218],"iteration":919,"passed_time":103.1796661,"remaining_time":8.972144882},
{"learn":[0.003125778428],"iteration":920,"passed_time":103.2894973,"remaining_time":8.859794013},
{"learn":[0.003125110679],"iteration":921,"passed_time":103.3994387,"remaining_time":8.747457937},
{"learn":[0.003122187698],"iteration":922,"passed_time":103.5357433,"remaining_time":8.63732636},
{"learn":[0.003119136192],"iteration":923,"passed_time":103.6437102,"remaining_time":8.524807334},
{"learn":[0.003112884128],"iteration":924,"passed_time":103.7523542,"remaining_time":8.412353045},
{"learn":[0.003106561841],"iteration":925,"passed_time":103.858087,"remaining_time":8.299674339},
{"learn":[0.003100662371],"iteration":926,"passed_time":103.9696566,"remaining_time":8.18747026},
{"learn":[0.003100075179],"iteration":927,"passed_time":104.076813,"remaining_time":8.074925145},
{"learn":[0.003099362071],"iteration":928,"passed_time":104.1869353,"remaining_time":7.962618304},
{"learn":[0.0030955112],"iteration":929,"passed_time":104.2978572,"remaining_time":7.850376351},
{"learn":[0.003086614109],"iteration":930,"passed_time":104.4327128,"remaining_time":7.739911045},
{"learn":[0.003085952239],"iteration":931,"passed_time":104.5386799,"remaining_time":7.62728566},
{"learn":[0.003079588527],"iteration":932,"passed_time":104.6516199,"remaining_time":7.515175278},
{"learn":[0.00307495292],"iteration":933,"passed_time":104.7666831,"remaining_time":7.403213149},
{"learn":[0.003070105041],"iteration":934,"passed_time":104.8762354,"remaining_time":7.290861286},
{"learn":[0.003067934224],"iteration":935,"passed_time":104.9893859,"remaining_time":7.178761429},
{"learn":[0.003065486876],"iteration":936,"passed_time":105.0846727,"remaining_time":7.065458249},
{"learn":[0.003059341605],"iteration":937,"passed_time":105.2015711,"remaining_time":6.953621969},
{"learn":[0.003055391654],"iteration":938,"passed_time":105.3300419,"remaining_time":6.842526684},
{"learn":[0.003049552783],"iteration":939,"passed_time":105.4387666,"remaining_time":6.730134039},
{"learn":[0.003047102965],"iteration":940,"passed_time":105.5446596,"remaining_time":6.617571645},
{"learn":[0.003042933764],"iteration":941,"passed_time":105.6589654,"remaining_time":6.505541397},
{"learn":[0.003039725409],"iteration":942,"passed_time":105.7729135,"remaining_time":6.3934847},
{"learn":[0.003038875337],"iteration":943,"passed_time":105.8712893,"remaining_time":6.28050021},
{"learn":[0.003034836526],"iteration":944,"passed_time":105.9825788,"remaining_time":6.168298236},
{"learn":[0.003031828758],"iteration":945,"passed_time":106.0987342,"remaining_time":6.056375949},
{"learn":[0.003028703764],"iteration":946,"passed_time":106.2034035,"remaining_time":5.943801883},
{"learn":[0.003025127618],"iteration":947,"passed_time":106.3353484,"remaining_time":5.832740629},
{"learn":[0.003020660906],"iteration":948,"passed_time":106.4489301,"remaining_time":5.720648507},
{"learn":[0.003019612306],"iteration":949,"passed_time":106.5536383,"remaining_time":5.608086228},
{"learn":[0.003018874101],"iteration":950,"passed_time":106.6654295,"remaining_time":5.495905411},
{"learn":[0.003013423872],"iteration":951,"passed_time":106.7727153,"remaining_time":5.383498252},
{"learn":[0.003009486823],"iteration":952,"passed_time":106.8980244,"remaining_time":5.271990711},
{"learn":[0.003005992641],"iteration":953,"passed_time":106.9959509,"remaining_time":5.159133903},
{"learn":[0.003005350778],"iteration":954,"passed_time":107.1000448,"remaining_time":5.046598969},
{"learn":[0.00300088971],"iteration":955,"passed_time":107.2422467,"remaining_time":4.935835622},
{"learn":[0.002997218441],"iteration":956,"passed_time":107.3451547,"remaining_time":4.823241015},
{"learn":[0.002988913965],"iteration":957,"passed_time":107.4574048,"remaining_time":4.711076204},
{"learn":[0.002985123713],"iteration":958,"passed_time":107.5703107,"remaining_time":4.598939246},
{"learn":[0.002984500785],"iteration":959,"passed_time":107.6845674,"remaining_time":4.486856973},
{"learn":[0.002977883811],"iteration":960,"passed_time":107.785913,"remaining_time":4.374246207},
{"learn":[0.002975681896],"iteration":961,"passed_time":107.8990062,"remaining_time":4.262122906},
{"learn":[0.002971664527],"iteration":962,"passed_time":108.025605,"remaining_time":4.150516497},
{"learn":[0.002969192548],"iteration":963,"passed_time":108.1408489,"remaining_time":4.038454936},
{"learn":[0.002965683186],"iteration":964,"passed_time":108.2495553,"remaining_time":3.926149673},
{"learn":[0.002965067749],"iteration":965,"passed_time":108.3564409,"remaining_time":3.813787776},
{"learn":[0.002964591604],"iteration":966,"passed_time":108.4671741,"remaining_time":3.701568507},
{"learn":[0.002963907259],"iteration":967,"passed_time":108.5778899,"remaining_time":3.589351733},
{"learn":[0.002959378199],"iteration":968,"passed_time":108.6958985,"remaining_time":3.477371365},
{"learn":[0.002954588512],"iteration":969,"passed_time":108.8003663,"remaining_time":3.364959782},
{"learn":[0.002953976099],"iteration":970,"passed_time":108.9300942,"remaining_time":3.253318982},
{"learn":[0.002950328247],"iteration":971,"passed_time":109.0402023,"remaining_time":3.141075787},
{"learn":[0.002945494627],"iteration":972,"passed_time":109.1481688,"remaining_time":3.028777551},
{"learn":[0.002944807478],"iteration":973,"passed_time":109.2566507,"remaining_time":2.91650197},
{"learn":[0.002944275037],"iteration":974,"passed_time":109.3658153,"remaining_time":2.804251674},
{"learn":[0.002939893436],"iteration":975,"passed_time":109.4747276,"remaining_time":2.692001499},
{"learn":[0.002934224391],"iteration":976,"passed_time":109.6063235,"remaining_time":2.58029216},
{"learn":[0.002927605051],"iteration":977,"passed_time":109.6957433,"remaining_time":2.467593407},
{"learn":[0.002927172955],"iteration":978,"passed_time":109.8285709,"remaining_time":2.355873328},
{"learn":[0.002926337608],"iteration":979,"passed_time":109.9327006,"remaining_time":2.243524501},
{"learn":[0.00292243697],"iteration":980,"passed_time":110.0405516,"remaining_time":2.131264507},
{"learn":[0.002921972345],"iteration":981,"passed_time":110.1535614,"remaining_time":2.019108051},
{"learn":[0.002918211482],"iteration":982,"passed_time":110.2617796,"remaining_time":1.906866992},
{"learn":[0.002914365069],"iteration":983,"passed_time":110.3785085,"remaining_time":1.794772495},
{"learn":[0.002907579146],"iteration":984,"passed_time":110.4785072,"remaining_time":1.682413815},
{"learn":[0.002904612879],"iteration":985,"passed_time":110.5881617,"remaining_time":1.570217306},
{"learn":[0.002902072527],"iteration":986,"passed_time":110.7198708,"remaining_time":1.458316434},
{"learn":[0.002898688598],"iteration":987,"passed_time":110.8323299,"remaining_time":1.346141659},
{"learn":[0.002896178446],"iteration":988,"passed_time":110.9475703,"remaining_time":1.233997243},
{"learn":[0.002895736555],"iteration":989,"passed_time":111.0514677,"remaining_time":1.121731997},
{"learn":[0.002892959667],"iteration":990,"passed_time":111.1707779,"remaining_time":1.009623614},
{"learn":[0.002889008276],"iteration":991,"passed_time":111.3037985,"remaining_time":0.8976112785},
{"learn":[0.002888413175],"iteration":992,"passed_time":111.4043471,"remaining_time":0.785327724},
{"learn":[0.002884946562],"iteration":993,"passed_time":111.5193182,"remaining_time":0.673154838},
{"learn":[0.002881440653],"iteration":994,"passed_time":111.6274785,"remaining_time":0.5609421032},
{"learn":[0.002878389679],"iteration":995,"passed_time":111.739812,"remaining_time":0.4487542649},
{"learn":[0.002874912784],"iteration":996,"passed_time":111.8481618,"remaining_time":0.336554148},
{"learn":[0.002872482061],"iteration":997,"passed_time":111.9627111,"remaining_time":0.2243741705},
{"learn":[0.002871838315],"iteration":998,"passed_time":112.0669838,"remaining_time":0.112179163},
{"learn":[0.002871328978],"iteration":999,"passed_time":112.1781448,"remaining_time":0}
]}