[{"id":"35cc014c-7e8c-44e1-90a6-5b25e518dca7","path":"/init.ipynb"},{"id":"e4e7c972-6ce2-415f-bd45-5251cb3e1ffa","path":"/notebook.ipynb"},{"id":"f35fee13-363d-47d8-bdcc-6d4c8a32c05c","path":"/parkinson/control/C_0001.txt"},{"id":"b9d2090b-9bc8-45b6-8033-f2cfe8e9de82","path":"/parkinson/control/C_0002.txt"},{"id":"c6b80a3f-50da-453c-a973-64c5f4bb8b46","path":"/parkinson/control/C_0003.txt"},{"id":"dc9f1d98-1caa-43bb-bbd9-66beb1dc7acc","path":"/parkinson/control/C_0004.txt"},{"id":"68b82764-eb83-41f7-85e9-11ca011f653a","path":"/parkinson/control/C_0015.txt"},{"id":"d9f535f6-c193-429a-b98f-00cdeccf4764","path":"/parkinson/readme.txt"},{"id":"91f3a7cd-f75d-48bb-ae46-f4f9f1d3abbd","path":"/parkinson/control/C_0008.txt"},{"id":"6032f7fd-6d5b-4267-ac57-2fc7cd2b6547","path":"/parkinson/parkinson/H_P000-0001.txt"},{"id":"79ed46e0-9e95-4d58-9972-b8548f4716f8","path":"/RSPGAME.ipynb"},{"id":"b9785a2a-9461-4756-acd7-d566e2ee8537","path":"/game.csv"},{"id":"5cd80d8d-e18f-400e-8bc8-ddd96794eb84","path":"/telegram_bot.ipynb"},{"id":"5385e071-6411-4a91-97a3-c7cc6837e42e","path":"/images/train/0"},{"id":"a56bc828-68ae-4203-81e2-c0f6a2a4af8e","path":"/images/train/1"},{"id":"dc48a13f-8110-473b-a914-af6b76d89d04","path":"/images/train/2"},{"id":"1bdaf03f-a00d-443f-8d6b-0fc2c9c8e173","path":"/requirements.txt"},{"id":"a9a99aca-1e6b-4938-a89c-8d945f062df7","path":"/rsp_game_bot.ipynb"},{"id":"c08d7949-81be-47af-bbc8-4caa8fe431ce","path":"/RSPGAME_bot.ipynb"},{"id":"ecc172ae-c7a4-44dc-88ca-662a61080cb0","path":"/images/validation/0"},{"id":"44271537-0832-4667-a2fb-0bb5bd9d0b3f","path":"/images/validation/1"},{"id":"4925bfaa-1e7a-4787-a0bb-52fb837f98fe","path":"/images/validation/2"},{"id":"1c083d36-dab9-4a90-92af-d736df36e3f1","path":"/test_game.csv"},{"id":"3899feed-e194-4516-bb4c-a299aa7133fc","path":"/train_game.csv"},{"id":"a26719cb-9e57-40f5-8d34-4638a2b72440","path":"/images/validation1"},{"id":"f1973b53-1c9e-443b-9919-8b87811490dd","path":"/extra"},{"id":"ca601726-ae8a-4060-9c68-414e032bc984","path":"/extra/validation"},{"id":"4d9cb309-5423-487a-8081-ee44fe424073","path":"/images/validation1/0"},{"id":"5a224929-12de-4622-a7ff-fff125d8b34f","path":"/images/validation1/1"},{"id":"4302f2ef-37fe-4b67-bff8-bb585baeeba6","path":"/images/validation1/2"},{"id":"bca02f10-3ab2-4393-aecf-7978af0db558","path":"/.env"},{"id":"e1823a2a-1ce1-4fe1-9512-35b1c597d5d4","path":"/api_key"},{"id":"42d1f4e6-4771-4020-a4bf-291a3dfa702f","path":"/Game trail 2"},{"id":"dc37e437-ea7d-43ac-b275-db1cfb7ddb1d","path":"/untitled.ipynb"},{"id":"f4331d32-1b72-4d43-a4a5-63e6e6374ddd","path":"/Game trail 2/game.ipynb"},{"id":"1d928ac4-b159-4bed-8715-8a45f74eb2df","path":"/Game trail 2/API_KEY"},{"id":"fcb30334-e517-4774-94d9-c0bb88ad9925","path":"/Game trail 2/env.ipynb"},{"id":"64aa595f-9e9d-4b72-8643-8ad28a73984b","path":"/Game trail 2/.env"},{"id":"e9230965-73ed-4935-9de5-8fea619b3dc9","path":"/extra/WIN_20210811_13_32_08_Pro.jpg"},{"id":"83e9e120-6cc6-4ba5-9e80-93527b0ca6f2","path":"/transform_image.py"},{"id":"b70b99c5-3b2d-4667-b977-ffed2631ed05","path":"/handgestures/transform_image.py"}]